Workbook

Sheet Master
C2: Games | D2: Win | E2: Loss | F2: %
B3: Picks | C3: =COUNTA(N9:N1000) -> 194 | D3: =SUM(N9:N1000) -> 120 | E3: =C3-D3 -> 74 | F3: =D3/C3 -> 0.6185567
B4: ATS | C4: =COUNTA(V9:V1000) -> 123 | D4: =SUM(V9:V1000) -> 65 | E4: =C4-D4 -> 58 | F4: =D4/C4 -> 0.52845528
B5: Totals | C5: =COUNTA(AB9:AB1000) -> 123 | D5: =SUM(AB9:AB1000) -> 56 | E5: =C5-D5 -> 67 | F5: =D5/C5 -> 0.45528455
H7: Game Picks (Win Prob) | O7: Pred Score (Score Model) | Q7: Spread Picks (Score Model) | W7: Total Picks (Score Model) | AC7: home_epa | AF7: away_epa
B8: season | C8: week | D8: home_team | E8: away_team | F8: home_score | G8: away_score | H8: prob_home | I8: home_team_ml | J8: prob_away | K8: away_team_ml | L8: pred | M8: winner | N8: winner_correct? | O8: home | P8: away | Q8: spread_line | R8: pred_spread | S8: spread_pick | T8: result | U8: spread_result | V8: spread_correct? | W8: total_line | X8: pred_total | Y8: total_pick | Z8: total | AA8: total_result | AB8: total_correct? | AC8: EPA_O_Play | AD8: EPA_D_Play | AE8: EPA_ST_Play | AF8: EPA_O_Play | AG8: EPA_D_Play | AH8: EPA_ST_Play
B9: 2025 | C9: 6 | D9: NYG | E9: PHI | H9: 0.28413917 | I9: +251 | J9: 0.71586083 | K9: -251 | L9: PHI | M9: NYG | N9: =IF(M9=L9,1,0) -> 0 | AC9: 0.25124221 | AD9: 0.066168526 | AE9: -0.027362438 | AF9: -0.066168526 | AG9: -0.25124221 | AH9: 0.027362438
B10: 2025 | C10: 6 | D10: NYJ | E10: DEN | H10: 0.30012096 | I10: +233 | J10: 0.69987904 | K10: -233 | L10: DEN | M10: DEN | N10: =IF(M10=L10,1,0) -> 1 | AC10: -0.43215489 | AD10: 0.16995373 | AE10: 0.34083964 | AF10: -0.16995373 | AG10: 0.43215489 | AH10: -0.34083964
B11: 2025 | C11: 6 | D11: BAL | E11: LA | H11: 0.53913174 | I11: -116 | J11: 0.46086826 | K11: +116 | L11: BAL | M11: LA | N11: =IF(M11=L11,1,0) -> 0 | AC11: -0.29375997 | AD11: -0.015975545 | AE11: 0.37059372 | AF11: 0.015975545 | AG11: 0.29375997 | AH11: -0.37059372
B12: 2025 | C12: 6 | D12: CAR | E12: DAL | H12: 0.49133873 | I12: +103 | J12: 0.50866127 | K12: -103 | L12: DAL | M12: CAR | N12: =IF(M12=L12,1,0) -> 0 | AC12: 0.17789871 | AD12: -0.2027874 | AE12: 0.024269279 | AF12: 0.2027874 | AG12: -0.17789871 | AH12: -0.024269279
B13: 2025 | C13: 6 | D13: IND | E13: ARI | H13: 0.58161291 | I13: -139 | J13: 0.41838709 | K13: +139 | L13: IND | M13: IND | N13: =IF(M13=L13,1,0) -> 1 | AC13: 0.15875688 | AD13: -0.073672771 | AE13: -0.062292337 | AF13: 0.073672771 | AG13: -0.15875688 | AH13: 0.062292337
B14: 2025 | C14: 6 | D14: JAX | E14: SEA | H14: 0.46542939 | I14: +114 | J14: 0.53457061 | K14: -114 | L14: SEA | M14: SEA | N14: =IF(M14=L14,1,0) -> 1 | AC14: -0.082264423 | AD14: -0.020928413 | AE14: -0.20806897 | AF14: 0.020928413 | AG14: 0.082264423 | AH14: 0.20806897
B15: 2025 | C15: 6 | D15: MIA | E15: LAC | H15: 0.4933361 | I15: +102 | J15: 0.5066639 | K15: -102 | L15: LAC | M15: LAC | N15: =IF(M15=L15,1,0) -> 1 | AC15: 0.038278063 | AD15: -0.0617472 | AE15: -0.013840508 | AF15: 0.0617472 | AG15: -0.038278063 | AH15: 0.013840508
B16: 2025 | C16: 6 | D16: NO | E16: NE | H16: 0.39499877 | I16: +153 | J16: 0.60500123 | K16: -153 | L16: NE | M16: NE | N16: =IF(M16=L16,1,0) -> 1 | AC16: -0.073139174 | AD16: -0.13044801 | AE16: 0.13509109 | AF16: 0.13044801 | AG16: 0.073139174 | AH16: -0.13509109
B17: 2025 | C17: 6 | D17: PIT | E17: CLE | H17: 0.71805668 | I17: -254 | J17: 0.28194332 | K17: +254 | L17: PIT | M17: PIT | N17: =IF(M17=L17,1,0) -> 1 | AC17: 0.095861427 | AD17: 0.13702202 | AE17: -0.14666659 | AF17: -0.13702202 | AG17: -0.095861427 | AH17: 0.14666659
B18: 2025 | C18: 6 | D18: LV | E18: TEN | H18: 0.60215188 | I18: -151 | J18: 0.39784812 | K18: +151 | L18: LV | M18: LV | N18: =IF(M18=L18,1,0) -> 1 | AC18: -0.097661511 | AD18: 0.24401585 | AE18: 0.19498157 | AF18: -0.24401585 | AG18: 0.097661511 | AH18: -0.19498157
B19: 2025 | C19: 6 | D19: GB | E19: CIN | H19: 0.72152836 | I19: -259 | J19: 0.27847164 | K19: +259 | L19: GB | M19: GB | N19: =IF(M19=L19,1,0) -> 1 | AC19: 0.21342839 | AD19: -0.10244938 | AE19: 0.089890928 | AF19: 0.10244938 | AG19: -0.21342839 | AH19: -0.089890928
B20: 2025 | C20: 6 | D20: TB | E20: SF | H20: 0.59882672 | I20: -149 | J20: 0.40117328 | K20: +149 | L20: TB | M20: TB | N20: =IF(M20=L20,1,0) -> 1 | AC20: 0.24584 | AD20: 0.11939343 | AE20: -0.28655228 | AF20: -0.11939343 | AG20: -0.24584 | AH20: 0.28655228
B21: 2025 | C21: 6 | D21: KC | E21: DET | H21: 0.36153707 | I21: +176 | J21: 0.63846293 | K21: -176 | L21: DET | M21: KC | N21: =IF(M21=L21,1,0) -> 0 | AC21: 0.31075544 | AD21: -0.08266475 | AE21: -0.0042046241 | AF21: 0.08266475 | AG21: -0.31075544 | AH21: 0.0042046241
B22: 2025 | C22: 6 | D22: ATL | E22: BUF | H22: 0.31839251 | I22: +214 | J22: 0.68160749 | K22: -214 | L22: BUF | M22: ATL | N22: =IF(M22=L22,1,0) -> 0 | AC22: 0.10814126 | AD22: 0.10416144 | AE22: -0.1186255 | AF22: -0.10416144 | AG22: -0.10814126 | AH22: 0.1186255
B23: 2025 | C23: 6 | D23: WAS | E23: CHI | H23: 0.73154658 | I23: -272 | J23: 0.26845342 | K23: +272 | L23: WAS | M23: CHI | N23: =IF(M23=L23,1,0) -> 0 | AC23: 0.018111467 | AD23: -0.1277509 | AE23: 0.071527021 | AF23: 0.1277509 | AG23: -0.018111467 | AH23: -0.071527021
B24: 2025 | C24: 7 | D24: CIN | E24: PIT | H24: 0.48091506 | I24: +107 | J24: 0.51908494 | K24: -107 | L24: PIT | M24: CIN | N24: 0 | AC24: 0.28925643 | AD24: -0.27371408 | AE24: -0.076034888 | AF24: 0.27371408 | AG24: -0.28925643 | AH24: 0.076034888
B25: 2025 | C25: 7 | D25: JAX | E25: LA | H25: 0.46977703 | I25: +112 | J25: 0.53022297 | K25: -112 | L25: LA | M25: LA | N25: 1 | AC25: -0.1461088 | AD25: -0.23843634 | AE25: -0.20178508 | AF25: 0.23843634 | AG25: 0.1461088 | AH25: 0.20178508
B26: 2025 | C26: 7 | D26: CHI | E26: NO | H26: 0.58504581 | I26: -140 | J26: 0.41495419 | K26: +140 | L26: CHI | M26: CHI | N26: 1 | AC26: 0.01348116 | AD26: 0.22400876 | AE26: 0.19784313 | AF26: -0.22400876 | AG26: -0.01348116 | AH26: -0.19784313
B27: 2025 | C27: 7 | D27: CLE | E27: MIA | H27: 0.33682566 | I27: +196 | J27: 0.66317434 | K27: -196 | L27: MIA | M27: CLE | N27: 0 | AC27: -0.017893693 | AD27: 0.51155989 | AE27: 0.063372169 | AF27: -0.51155989 | AG27: 0.017893693 | AH27: -0.063372169
B28: 2025 | C28: 7 | D28: KC | E28: LV | H28: 0.76251043 | I28: -321 | J28: 0.23748957 | K28: +321 | L28: KC | M28: KC | N28: 1 | AC28: 0.2171731 | AD28: 0.62946069 | AE28: -0.24452791 | AF28: -0.62946069 | AG28: -0.2171731 | AH28: 0.24452791
B29: 2025 | C29: 7 | D29: MIN | E29: PHI | H29: 0.46008668 | I29: +117 | J29: 0.53991332 | K29: -117 | L29: PHI | M29: PHI | N29: 1 | AC29: -0.088495227 | AD29: -0.20847946 | AE29: 0.33452468 | AF29: 0.20847946 | AG29: 0.088495227 | AH29: -0.33452468
B30: 2025 | C30: 7 | D30: NYJ | E30: CAR | H30: 0.43942513 | I30: +127 | J30: 0.56057487 | K30: -127 | L30: CAR | M30: CAR | N30: 1 | AC30: -0.26674719 | AD30: 0.085645286 | AE30: -0.11531259 | AF30: -0.085645286 | AG30: 0.26674719 | AH30: 0.11531259
B31: 2025 | C31: 7 | D31: TEN | E31: NE | H31: 0.31228555 | I31: +220 | J31: 0.68771445 | K31: -220 | L31: NE | M31: NE | N31: 1 | AC31: -0.28472243 | AD31: -0.24146947 | AE31: 0.26711339 | AF31: 0.24146947 | AG31: 0.28472243 | AH31: -0.26711339
B32: 2025 | C32: 7 | D32: DEN | E32: NYG | H32: 0.74988507 | I32: -299 | J32: 0.25011493 | K32: +299 | L32: DEN | M32: DEN | N32: 1 | AC32: 0.11573301 | AD32: -0.19457486 | AE32: 0.097547495 | AF32: 0.19457486 | AG32: -0.11573301 | AH32: -0.097547495
B33: 2025 | C33: 7 | D33: LAC | E33: IND | H33: 0.4904864 | I33: +103 | J33: 0.5095136 | K33: -103 | L33: IND | M33: IND | N33: 1 | AC33: 0.096067357 | AD33: -0.44475957 | AE33: -0.15667809 | AF33: 0.44475957 | AG33: -0.096067357 | AH33: 0.15667809
B34: 2025 | C34: 7 | D34: ARI | E34: GB | H34: 0.42954545 | I34: +132 | J34: 0.57045455 | K34: -132 | L34: GB | M34: GB | N34: 1 | AC34: -0.0025914829 | AD34: -0.11835686 | AE34: 0.052370644 | AF34: 0.11835686 | AG34: 0.0025914829 | AH34: -0.052370644
B35: 2025 | C35: 7 | D35: DAL | E35: WAS | H35: 0.45455863 | I35: +119 | J35: 0.54544137 | K35: -119 | L35: WAS | M35: DAL | N35: 0 | AC35: 0.15809155 | AD35: 0.19612538 | AE35: 0.031338125 | AF35: -0.19612538 | AG35: -0.15809155 | AH35: -0.031338125
B36: 2025 | C36: 7 | D36: SF | E36: ATL | H36: 0.50845245 | I36: -103 | J36: 0.49154755 | K36: +103 | L36: SF | M36: SF | N36: 1 | AC36: 0.0394085 | AD36: 0.12123582 | AE36: 0.039254677 | AF36: -0.12123582 | AG36: -0.0394085 | AH36: -0.039254677
B37: 2025 | C37: 7 | D37: DET | E37: TB | H37: 0.58751521 | I37: -142 | J37: 0.41248479 | K37: +142 | L37: DET | M37: DET | N37: 1 | AC37: -0.099057456 | AD37: 0.35557553 | AE37: -0.024791638 | AF37: -0.35557553 | AG37: 0.099057456 | AH37: 0.024791638
B38: 2025 | C38: 7 | D38: SEA | E38: HOU | H38: 0.61141525 | I38: -157 | J38: 0.38858475 | K38: +157 | L38: SEA | M38: SEA | N38: 1 | AC38: -0.23093883 | AD38: 0.32778671 | AE38: 0.043519257 | AF38: -0.32778671 | AG38: 0.23093883 | AH38: -0.043519257
B39: 2025 | C39: 8 | D39: LAC | E39: MIN | H39: 0.536 | I39: -120 | J39: 0.464 | K39: +120 | L39: LAC | M39: LAC | N39: 1 | AC39: 0.20573016 | AD39: 0.33306915 | AE39: -0.013063612 | AF39: -0.33306915 | AG39: -0.20573016 | AH39: 0.013063612
B40: 2025 | C40: 8 | D40: ATL | E40: MIA | H40: 0.586 | I40: -144 | J40: 0.414 | K40: +144 | L40: ATL | M40: MIA | N40: 0 | AC40: -0.30089874 | AD40: -0.13344567 | AE40: -0.14619972 | AF40: 0.13344567 | AG40: 0.30089874 | AH40: 0.14619972
B41: 2025 | C41: 8 | D41: BAL | E41: CHI | H41: 0.61263916 | I41: -158 | J41: 0.38736084 | K41: +158 | L41: BAL | M41: BAL | N41: 1 | AC41: 0.20792883 | AD41: -0.017090889 | AE41: 0.084218423 | AF41: 0.017090889 | AG41: -0.20792883 | AH41: -0.084218423
B42: 2025 | C42: 8 | D42: CAR | E42: BUF | H42: 0.347 | I42: +204 | J42: 0.653 | K42: -204 | L42: BUF | M42: BUF | N42: 1 | AC42: -0.31306085 | AD42: -0.32291098 | AE42: 0.048412263 | AF42: 0.32291098 | AG42: 0.31306085 | AH42: -0.048412263
B43: 2025 | C43: 8 | D43: CIN | E43: NYJ | H43: 0.604 | I43: -148 | J43: 0.396 | K43: +148 | L43: CIN | M43: NYJ | N43: 0 | AC43: 0.25655905 | AD43: -0.31294929 | AE43: 0.062102087 | AF43: 0.31294929 | AG43: -0.25655905 | AH43: -0.062102087
B44: 2025 | C44: 8 | D44: HOU | E44: SF | H44: 0.536 | I44: -116 | J44: 0.464 | K44: +116 | L44: HOU | M44: HOU | N44: 1 | AC44: 0.21049607 | AD44: 0.036765984 | AE44: -0.11886264 | AF44: -0.036765984 | AG44: -0.21049607 | AH44: 0.11886264
B45: 2025 | C45: 8 | D45: NE | E45: CLE | H45: 0.7986187 | I45: -396 | J45: 0.2013813 | K45: +396 | L45: NE | M45: NE | N45: 1 | AC45: 0.073067423 | AD45: 0.31074229 | AE45: 0.096539397 | AF45: -0.31074229 | AG45: -0.073067423 | AH45: -0.096539397
B46: 2025 | C46: 8 | D46: PHI | E46: NYG | H46: 0.698 | I46: -227 | J46: 0.302 | K46: +227 | L46: PHI | M46: PHI | N46: 1 | AC46: 0.38337591 | AD46: -0.041866832 | AE46: -0.021435082 | AF46: 0.041866832 | AG46: -0.38337591 | AH46: 0.021435082
B47: 2025 | C47: 8 | D47: NO | E47: TB | H47: 0.282 | I47: +260 | J47: 0.718 | K47: -260 | L47: TB | M47: TB | N47: 1 | AC47: -0.46523213 | AD47: 0.16694887 | AE47: -0.19439544 | AF47: -0.16694887 | AG47: 0.46523213 | AH47: 0.19439544
B48: 2025 | C48: 8 | D48: DEN | E48: DAL | H48: 0.578 | I48: -139 | J48: 0.422 | K48: +139 | L48: DEN | M48: DEN | N48: 1 | AC48: 0.37087668 | AD48: -0.044475715 | AE48: 0.017721645 | AF48: 0.044475715 | AG48: -0.37087668 | AH48: -0.017721645
B49: 2025 | C49: 8 | D49: IND | E49: TEN | H49: 0.864 | I49: -646 | J49: 0.136 | K49: +646 | L49: IND | M49: IND | N49: 1 | AC49: 0.34562467 | AD49: 0.036582743 | AE49: 0.26308648 | AF49: -0.036582743 | AG49: -0.34562467 | AH49: -0.26308648
B50: 2025 | C50: 8 | D50: PIT | E50: GB | H50: 0.413 | I50: +138 | J50: 0.587 | K50: -138 | L50: GB | M50: GB | N50: 1 | AC50: -0.12485238 | AD50: -0.32949493 | AE50: 0.42716217 | AF50: 0.32949493 | AG50: 0.12485238 | AH50: -0.42716217
B51: 2025 | C51: 8 | D51: KC | E51: WAS | H51: 0.617 | I51: -160 | J51: 0.383 | K51: +160 | L51: KC | M51: KC | N51: 1 | AC51: 0.26601786 | AD51: 0.1654421 | AE51: -0.18689229 | AF51: -0.1654421 | AG51: -0.26601786 | AH51: 0.18689229
B52: 2025 | C52: 9 | D52: MIA | E52: BAL | H52: 0.44668876 | I52: +123 | J52: 0.55331124 | K52: -123 | L52: BAL | M52: BAL | N52: 1 | AC52: -0.22526313 | AD52: -0.16305417 | AE52: -0.01721597 | AF52: 0.16305417 | AG52: 0.22526313 | AH52: 0.01721597
B53: 2025 | C53: 9 | D53: CIN | E53: CHI | H53: 0.60003242 | I53: -150 | J53: 0.39996758 | K53: +150 | L53: CIN | M53: CHI | N53: 0 | AC53: 0.18499579 | AD53: -0.43041533 | AE53: 0.35861015 | AF53: 0.43041533 | AG53: -0.18499579 | AH53: -0.35861015
B54: 2025 | C54: 9 | D54: DET | E54: MIN | H54: 0.69773234 | I54: -230 | J54: 0.30226766 | K54: +230 | L54: DET | M54: MIN | N54: 0 | AC54: -0.038011411 | AD54: 0.018339883 | AE54: -0.1744423 | AF54: -0.018339883 | AG54: 0.038011411 | AH54: 0.1744423
B55: 2025 | C55: 9 | D55: GB | E55: CAR | H55: 0.7107726 | I55: -245 | J55: 0.2892274 | K55: +245 | L55: GB | M55: CAR | N55: 0 | AC55: -0.0015043539 | AD55: -0.073761737 | AE55: -0.0084348623 | AF55: 0.073761737 | AG55: 0.0015043539 | AH55: 0.0084348623
B56: 2025 | C56: 9 | D56: HOU | E56: DEN | H56: 0.49332374 | I56: +102 | J56: 0.50667626 | K56: -102 | L56: DEN | M56: DEN | N56: 1 | AC56: -0.19600596 | AD56: 0.10367945 | AE56: 0.19043292 | AF56: -0.10367945 | AG56: 0.19600596 | AH56: -0.19043292
B57: 2025 | C57: 9 | D57: NE | E57: ATL | H57: 0.61882511 | I57: -162 | J57: 0.38117489 | K57: +162 | L57: NE | M57: NE | N57: 1 | AC57: 0.01246086 | AD57: -0.034125898 | AE57: 0.067735273 | AF57: 0.034125898 | AG57: -0.01246086 | AH57: -0.067735273
B58: 2025 | C58: 9 | D58: NYG | E58: SF | H58: 0.48417671 | I58: +106 | J58: 0.51582329 | K58: -106 | L58: SF | M58: SF | N58: 1 | AC58: 0.15103745 | AD58: -0.24087369 | AE58: -0.23305713 | AF58: 0.24087369 | AG58: -0.15103745 | AH58: 0.23305713
B59: 2025 | C59: 9 | D59: PIT | E59: IND | H59: 0.36042278 | I59: +177 | J59: 0.63957722 | K59: -177 | L59: IND | M59: PIT | N59: 0 | AC59: -0.10357435 | AD59: 0.094617844 | AE59: 0.25383404 | AF59: -0.094617844 | AG59: 0.10357435 | AH59: -0.25383404
B60: 2025 | C60: 9 | D60: TEN | E60: LAC | H60: 0.24911204 | I60: +301 | J60: 0.75088796 | K60: -301 | L60: LAC | M60: LAC | N60: 1 | AC60: -0.24477963 | AD60: -0.041809082 | AE60: 0.18575405 | AF60: 0.041809082 | AG60: 0.24477963 | AH60: -0.18575405
B61: 2025 | C61: 9 | D61: LA | E61: NO | H61: 0.75454089 | I61: -307 | J61: 0.24545911 | K61: +307 | L61: LA | M61: LA | N61: 1 | AC61: 0.25134553 | AD61: 0.31206388 | AE61: -0.28692413 | AF61: -0.31206388 | AG61: -0.25134553 | AH61: 0.28692413
B62: 2025 | C62: 9 | D62: LV | E62: JAX | H62: 0.39584202 | I62: +152 | J62: 0.60415798 | K62: -152 | L62: JAX | M62: JAX | N62: 1 | AC62: 0.14785485 | AD62: -0.10314792 | AE62: -0.13232757 | AF62: 0.10314792 | AG62: -0.14785485 | AH62: 0.13232757
B63: 2025 | C63: 9 | D63: BUF | E63: KC | H63: 0.49275135 | I63: +102 | J63: 0.50724865 | K63: -102 | L63: KC | M63: BUF | N63: 0 | AC63: 0.21633625 | AD63: 0.0022891673 | AE63: -0.29582127 | AF63: -0.0022891673 | AG63: -0.21633625 | AH63: 0.29582127
... B65: 2025 | C65: 9 | D65: DAL | E65: ARI | H65: 0.55292721 | I65: -123 | J65: 0.44707279 | K65: +123 | L65: DAL | M65: ARI | N65: 0 | AC65: -0.1342727 | AD65: -0.11058104 | AE65: 0.12445244 | AF65: 0.11058104 | AG65: 0.1342727 | AH65: -0.12445244
B66: 2025 | C66: 10 | D66: DEN | E66: LV | H66: 0.76598917 | I66: -327 | J66: 0.23401083 | K66: 327 | L66: DEN | M66: DEN | N66: 1 | AC66: -0.30538679 | AD66: 0.3926294 | AE66: 0.065123501 | AF66: -0.3926294 | AG66: 0.30538679 | AH66: -0.065123501
B67: 2025 | C67: 10 | D67: IND | E67: ATL | H67: 0.71280531 | I67: -248 | J67: 0.28719469 | K67: 248 | L67: IND | M67: IND | N67: 1 | AC67: 0.16381766 | AD67: 0.023067955 | AE67: -0.12090954 | AF67: -0.023067955 | AG67: -0.16381766 | AH67: 0.12090954
B68: 2025 | C68: 10 | D68: CAR | E68: NO | H68: 0.70590823 | I68: -240 | J68: 0.29409177 | K68: 240 | L68: CAR | M68: NO | N68: 0 | AC68: -0.30006108 | AD68: -0.14284027 | AE68: 0.33378386 | AF68: 0.14284027 | AG68: 0.30006108 | AH68: -0.33378386
B69: 2025 | C69: 10 | D69: CHI | E69: NYG | H69: 0.59132934 | I69: -144 | J69: 0.40867066 | K69: 144 | L69: CHI | M69: CHI | N69: 1 | AC69: 0.076580394 | AD69: 0.0054572396 | AE69: -0.01544331 | AF69: -0.0054572396 | AG69: -0.076580394 | AH69: 0.01544331
B70: 2025 | C70: 10 | D70: HOU | E70: JAX | H70: 0.62953559 | I70: -169 | J70: 0.37046441 | K70: 169 | L70: HOU | M70: HOU | N70: 1 | AC70: 0.11924662 | AD70: 0.17853055 | AE70: -0.35401583 | AF70: -0.17853055 | AG70: -0.11924662 | AH70: 0.35401583
B71: 2025 | C71: 10 | D71: MIA | E71: BUF | H71: 0.26774883 | I71: 273 | J71: 0.73225117 | K71: -273 | L71: BUF | M71: MIA | N71: 0 | AC71: 0.31231633 | AD71: 0.069657404 | AE71: 0.10761982 | AF71: -0.069657404 | AG71: -0.31231633 | AH71: -0.10761982
B72: 2025 | C72: 10 | D72: MIN | E72: BAL | H72: 0.44864183 | I72: 122 | J72: 0.55135817 | K72: -122 | L72: BAL | M72: BAL | N72: 1 | AC72: -0.07083939 | AD72: -0.010264242 | AE72: -0.13717836 | AF72: 0.010264242 | AG72: 0.07083939 | AH72: 0.13717836
B73: 2025 | C73: 10 | D73: NYJ | E73: CLE | H73: 0.63435392 | I73: -173 | J73: 0.36564608 | K73: 173 | L73: NYJ | M73: NYJ | N73: 1 | AC73: -0.24411571 | AD73: 0.043361252 | AE73: 0.46754145 | AF73: -0.043361252 | AG73: 0.24411571 | AH73: -0.46754145
B74: 2025 | C74: 10 | D74: TB | E74: NE | H74: 0.54090552 | I74: -117 | J74: 0.45909448 | K74: 117 | L74: TB | M74: NE | N74: 0 | AC74: 0.067429122 | AD74: -0.19361868 | AE74: -0.032632189 | AF74: 0.19361868 | AG74: -0.067429122 | AH74: 0.032632189
B75: 2025 | C75: 10 | D75: SEA | E75: ARI | H75: 0.6036118 | I75: -152 | J75: 0.3963882 | K75: 152 | L75: SEA | M75: SEA | N75: 1 | AC75: 0.087747591 | AD75: 0.22612943 | AE75: 0.19157505 | AF75: -0.22612943 | AG75: -0.087747591 | AH75: -0.19157505
B76: 2025 | C76: 10 | D76: SF | E76: LA | H76: 0.37630173 | I76: 165 | J76: 0.62369827 | K76: -165 | L76: LA | M76: LA | N76: 1 | AC76: 0.12942703 | AD76: -0.4141483 | AE76: -0.029721847 | AF76: 0.4141483 | AG76: -0.12942703 | AH76: 0.029721847
B77: 2025 | C77: 10 | D77: WAS | E77: DET | H77: 0.32988907 | I77: 203 | J77: 0.67011093 | K77: -203 | L77: DET | M77: DET | N77: 1 | AC77: 0.21370635 | AD77: -0.49142589 | AE77: -0.050597828 | AF77: 0.49142589 | AG77: -0.21370635 | AH77: 0.050597828
... B79: 2025 | C79: 10 | D79: GB | E79: PHI | H79: 0.54854361 | I79: -121 | J79: 0.45145639 | K79: 121 | L79: GB | M79: PHI | N79: 0 | AC79: -0.15282585 | AD79: 0.069291402 | AE79: -0.03648334 | AF79: -0.069291402 | AG79: 0.15282585 | AH79: 0.03648334
B80: 2025 | C80: 11 | D80: NE | E80: NYJ | H80: 0.73413242 | I80: -276 | J80: 0.26586758 | K80: 276 | L80: NE | M80: NE | N80: 1 | O80: 25.528369 | P80: 20.22373 | Q80: 12.5 | R80: 5.3046389 | S80: away | T80: 13 | U80: home | V80: 0 | W80: 43.5 | X80: 45.7521 | Y80: over | Z80: 41 | AA80: under | AB80: 0 | AC80: 0.13845152 | AD80: 0.08509738 | AE80: -0.025755165 | AF80: -0.08509738 | AG80: -0.13845152 | AH80: 0.025755165
B81: 2025 | C81: 11 | D81: MIA | E81: WAS | H81: 0.52678544 | I81: -111 | J81: 0.47321456 | K81: 111 | L81: MIA | M81: MIA | N81: 1 | O81: 24.527074 | P81: 24.057862 | Q81: 2.5 | R81: 0.46921203 | S81: away | T81: 3 | U81: home | V81: 0 | W81: 47.5 | X81: 48.584937 | Y81: over | Z81: 29 | AA81: under | AB81: 0 | AC81: -0.0066568373 | AD81: -0.081908561 | AE81: 0.5259428 | AF81: 0.081908561 | AG81: 0.0066568373 | AH81: -0.5259428
B82: 2025 | C82: 11 | D82: ATL | E82: CAR | H82: 0.51452568 | I82: -105 | J82: 0.48547432 | K82: 105 | L82: ATL | M82: CAR | N82: 0 | O82: 22.07165 | P82: 22.122493 | Q82: 4.5 | R82: -0.050843241 | S82: away | T82: -3 | U82: away | V82: 1 | W82: 42.5 | X82: 44.194144 | Y82: over | Z82: 57 | AA82: over | AB82: 1 | AC82: 0.088263252 | AD82: -0.097721843 | AE82: -0.14740959 | AF82: 0.097721843 | AG82: -0.088263252 | AH82: 0.14740959
B83: 2025 | C83: 11 | D83: BUF | E83: TB | H83: 0.50773179 | I83: -103 | J83: 0.49226821 | K83: 103 | L83: BUF | M83: BUF | N83: 1 | O83: 23.286361 | P83: 23.477927 | Q83: 6 | R83: -0.19156609 | S83: away | T83: 12 | U83: home | V83: 0 | W83: 46.5 | X83: 46.764287 | Y83: over | Z83: 76 | AA83: over | AB83: 1 | AC83: 0.30272924 | AD83: -0.099317249 | AE83: 0.067811171 | AF83: 0.099317249 | AG83: -0.30272924 | AH83: -0.067811171
B84: 2025 | C84: 11 | D84: JAX | E84: LAC | H84: 0.36620122 | I84: 173 | J84: 0.63379878 | K84: -173 | L84: LAC | M84: JAX | N84: 0 | O84: 21.930669 | P84: 23.731812 | Q84: -3 | R84: -1.8011423 | S84: home | T84: 29 | U84: home | V84: 1 | W84: 43.5 | X84: 45.662481 | Y84: over | Z84: 41 | AA84: under | AB84: 0 | AC84: 0.13688974 | AD84: 0.47060466 | AE84: -0.067403096 | AF84: -0.47060466 | AG84: -0.13688974 | AH84: 0.067403096
B85: 2025 | C85: 11 | D85: MIN | E85: CHI | H85: 0.44461106 | I85: 124 | J85: 0.55538894 | K85: -124 | L85: CHI | M85: CHI | N85: 1 | O85: 24.368539 | P85: 21.663786 | Q85: 3 | R85: 2.7047523 | S85: away | T85: -2 | U85: away | V85: 1 | W85: 47.5 | X85: 46.032325 | Y85: under | Z85: 36 | AA85: under | AB85: 1 | AC85: -0.17616986 | AD85: 0.063100866 | AE85: 0.0032722871 | AF85: -0.063100866 | AG85: 0.17616986 | AH85: -0.0032722871
B86: 2025 | C86: 11 | D86: NYG | E86: GB | H86: 0.35652248 | I86: 180 | J86: 0.64347752 | K86: -180 | L86: GB | M86: GB | N86: 1 | O86: 21.472942 | P86: 29.823338 | Q86: -7.5 | R86: -8.3503957 | S86: away | T86: -7 | U86: home | V86: 0 | W86: 41.5 | X86: 51.29628 | Y86: over | Z86: 47 | AA86: over | AB86: 1 | AC86: 0.13630217 | AD86: -0.33779028 | AE86: 0.013593824 | AF86: 0.33779028 | AG86: -0.13630217 | AH86: -0.013593824
B87: 2025 | C87: 11 | D87: PIT | E87: CIN | H87: 0.48976373 | I87: 104 | J87: 0.51023627 | K87: -104 | L87: CIN | M87: PIT | N87: 0 | O87: 24.412031 | P87: 23.292815 | Q87: 5.5 | R87: 1.1192158 | S87: away | T87: 22 | U87: home | V87: 0 | W87: 48.5 | X87: 47.704846 | Y87: under | Z87: 46 | AA87: under | AB87: 1 | AC87: 0.18347394 | AD87: 0.17247109 | AE87: -0.06669148 | AF87: -0.17247109 | AG87: -0.18347394 | AH87: 0.06669148
B88: 2025 | C88: 11 | D88: TEN | E88: HOU | H88: 0.29616364 | I88: 237 | J88: 0.70383636 | K88: -237 | L88: HOU | M88: HOU | N88: 1 | O88: 16.862988 | P88: 25.64513 | Q88: -5.5 | R88: -8.7821425 | S88: away | T88: -3 | U88: home | V88: 0 | W88: 37.5 | X88: 42.508118 | Y88: over | Z88: 29 | AA88: under | AB88: 0 | AC88: -0.096223605 | AD88: 0.065306922 | AE88: 0.084802499 | AF88: -0.065306922 | AG88: 0.096223605 | AH88: -0.084802499
B89: 2025 | C89: 11 | D89: ARI | E89: SF | H89: 0.4802955 | I89: 108 | J89: 0.5197045 | K89: -108 | L89: SF | M89: SF | N89: 1 | O89: 23.546027 | P89: 23.679698 | Q89: -3.5 | R89: -0.13367133 | S89: home | T89: -19 | U89: away | V89: 0 | W89: 48.5 | X89: 47.225725 | Y89: under | Z89: 63 | AA89: over | AB89: 0 | AC89: -0.00067925453 | AD89: -0.21416486 | AE89: -0.41683269 | AF89: 0.21416486 | AG89: 0.00067925453 | AH89: 0.41683269
B90: 2025 | C90: 11 | D90: LA | E90: SEA | H90: 0.58877447 | I90: -143 | J90: 0.41122553 | K90: 143 | L90: LA | M90: LA | N90: 1 | O90: 26.636651 | P90: 21.599355 | Q90: 3 | R90: 5.0372961 | S90: home | T90: 2 | U90: away | V90: 0 | W90: 49.5 | X90: 48.236005 | Y90: under | Z90: 40 | AA90: under | AB90: 1 | AC90: -0.1940106 | AD90: 0.189935 | AE90: -0.17548372 | AF90: -0.189935 | AG90: 0.1940106 | AH90: 0.17548372
B91: 2025 | C91: 11 | D91: CLE | E91: BAL | H91: 0.28322852 | I91: 253 | J91: 0.71677148 | K91: -253 | L91: BAL | M91: BAL | N91: 1 | O91: 17.436789 | P91: 24.534227 | Q91: -7.5 | R91: -7.0974381 | S91: home | T91: -7 | U91: home | V91: 1 | W91: 37.5 | X91: 41.971016 | Y91: over | Z91: 39 | AA91: over | AB91: 1 | AC91: -0.43516581 | AD91: 0.11659462 | AE91: 0.23310184 | AF91: -0.11659462 | AG91: 0.43516581 | AH91: -0.23310184
... B94: 2025 | C94: 11 | D94: LV | E94: DAL | H94: 0.33113716 | I94: 201 | J94: 0.66886284 | K94: -201 | L94: DAL | M94: DAL | N94: 1 | O94: 20.948298 | P94: 24.516146 | Q94: -3.5 | R94: -3.5678478 | S94: away | T94: -17 | U94: away | V94: 1 | W94: 48.5 | X94: 45.464445 | Y94: under | Z94: 49 | AA94: over | AB94: 0 | AC94: -0.1985623 | AD94: -0.16860405 | AE94: -0.10609831 | AF94: 0.16860405 | AG94: 0.1985623 | AH94: 0.10609831
B95: 2025 | C95: 12 | D95: HOU | E95: BUF | F95: 23 | G95: 19 | H95: 0.41641097 | I95: +140 | J95: 0.58358903 | K95: -140 | L95: BUF | M95: HOU | N95: 0 | O95: 22.310796 | P95: 26.77923 | Q95: -5.5 | R95: -4.4684347 | S95: home | T95: 4 | U95: home | V95: 1 | W95: 43.5 | X95: 49.090026 | Y95: over | Z95: 42 | AA95: under | AB95: 0 | AC95: -0.077266307 | AD95: 0.16421366 | AE95: -0.092399334 | AF95: -0.16421366 | AG95: 0.077266307 | AH95: 0.092399334
B96: 2025 | C96: 12 | D96: BAL | E96: NYJ | F96: 23 | G96: 10 | H96: 0.68542228 | I96: -217 | J96: 0.31457772 | K96: +217 | L96: BAL | M96: BAL | N96: 1 | O96: 25.833018 | P96: 17.239148 | Q96: 14 | R96: 8.5938705 | S96: away | T96: 13 | U96: away | V96: 1 | W96: 44.5 | X96: 43.072166 | Y96: under | Z96: 33 | AA96: under | AB96: 1 | AC96: 0.055789142 | AD96: 0.1999663 | AE96: -0.017604619 | AF96: -0.1999663 | AG96: -0.055789142 | AH96: 0.017604619
B97: 2025 | C97: 12 | D97: CHI | E97: PIT | F97: 31 | G97: 28 | H97: 0.57957288 | I97: -137 | J97: 0.42042712 | K97: +137 | L97: CHI | M97: CHI | N97: 1 | O97: 25.384505 | P97: 23.313587 | Q97: 3 | R97: 2.0709178 | S97: away | T97: 3 | U97: away | V97: 1 | W97: 46.5 | X97: 48.698092 | Y97: over | Z97: 59 | AA97: over | AB97: 1 | AC97: 0.011751022 | AD97: -0.048218843 | AE97: 0.12702806 | AF97: 0.048218843 | AG97: -0.011751022 | AH97: -0.12702806
B98: 2025 | C98: 12 | D98: CIN | E98: NE | F98: 20 | G98: 26 | H98: 0.35067814 | I98: +185 | J98: 0.64932186 | K98: -185 | L98: NE | M98: NE | N98: 1 | O98: 23.468714 | P98: 26.734601 | Q98: -7.5 | R98: -3.2658869 | S98: home | T98: -6 | U98: home | V98: 1 | W98: 50.5 | X98: 50.203315 | Y98: under | Z98: 46 | AA98: under | AB98: 1 | AC98: -0.17502532 | AD98: -0.022934188 | AE98: 0.019687261 | AF98: 0.022934188 | AG98: 0.17502532 | AH98: -0.019687261
B99: 2025 | C99: 12 | D99: DET | E99: NYG | F99: 34 | G99: 27 | H99: 0.70151946 | I99: -235 | J99: 0.29848054 | K99: +235 | L99: DET | M99: DET | N99: 1 | O99: 29.019062 | P99: 20.794064 | Q99: 14 | R99: 8.2249977 | S99: away | T99: 7 | U99: away | V99: 1 | W99: 50.5 | X99: 49.813127 | Y99: under | Z99: 61 | AA99: over | AB99: 0 | AC99: 0.15461845 | AD99: -0.14523478 | AE99: 0.13269214 | AF99: 0.14523478 | AG99: -0.15461845 | AH99: -0.13269214
B100: 2025 | C100: 12 | D100: GB | E100: MIN | F100: 23 | G100: 6 | H100: 0.67902861 | I100: -211 | J100: 0.32097139 | K100: +211 | L100: GB | M100: GB | N100: 1 | O100: 23.214139 | P100: 20.322641 | Q100: 6.5 | R100: 2.8914973 | S100: away | T100: 17 | U100: home | V100: 0 | W100: 41.5 | X100: 43.53678 | Y100: over | Z100: 29 | AA100: under | AB100: 0 | AC100: 0.055030324 | AD100: 0.42938007 | AE100: 0.049084961 | AF100: -0.42938007 | AG100: -0.055030324 | AH100: -0.049084961
B101: 2025 | C101: 12 | D101: KC | E101: IND | F101: 23 | G101: 20 | H101: 0.48672609 | I101: +105 | J101: 0.51327391 | K101: -105 | L101: IND | M101: KC | N101: 0 | O101: 23.394954 | P101: 25.226613 | Q101: 3.5 | R101: -1.8316586 | S101: away | T101: 3 | U101: away | V101: 1 | W101: 50.5 | X101: 48.621566 | Y101: under | Z101: 43 | AA101: under | AB101: 1 | AC101: 0.020509374 | AD101: 0.018942168 | AE101: -0.12783007 | AF101: -0.018942168 | AG101: -0.020509374 | AH101: 0.12783007
B102: 2025 | C102: 12 | D102: TEN | E102: SEA | F102: 24 | G102: 30 | H102: 0.23620152 | I102: +323 | J102: 0.76379848 | K102: -323 | L102: SEA | M102: SEA | N102: 1 | O102: 17.810645 | P102: 26.003828 | Q102: -12.5 | R102: -8.1931823 | S102: home | T102: -6 | U102: home | V102: 1 | W102: 41.5 | X102: 43.814473 | Y102: over | Z102: 54 | AA102: over | AB102: 1 | AC102: -0.0096211052 | AD102: -0.27772254 | AE102: 0.03311822 | AF102: 0.27772254 | AG102: 0.0096211052 | AH102: -0.03311822
B103: 2025 | C103: 12 | D103: ARI | E103: JAX | F103: 24 | G103: 27 | H103: 0.46416166 | I103: +115 | J103: 0.53583834 | K103: -115 | L103: JAX | M103: JAX | N103: 1 | O103: 22.314164 | P103: 23.35 | Q103: -2.5 | R103: -1.0358368 | S103: home | T103: -3 | U103: away | V103: 0 | W103: 47.5 | X103: 45.664164 | Y103: under | Z103: 51 | AA103: over | AB103: 0 | AC103: -0.13217131 | AD103: 0.17871148 | AE103: -0.23651325 | AF103: -0.17871148 | AG103: 0.13217131 | AH103: 0.23651325
B104: 2025 | C104: 12 | D104: LV | E104: CLE | F104: 10 | G104: 24 | H104: 0.51782158 | I104: -107 | J104: 0.48217842 | K104: +107 | L104: LV | M104: CLE | N104: 0 | O104: 20.171215 | P104: 16.879107 | Q104: 3 | R104: 3.2921078 | S104: home | T104: -14 | U104: away | V104: 0 | W104: 35.5 | X104: 37.050322 | Y104: over | Z104: 34 | AA104: under | AB104: 0 | AC104: -0.33489239 | AD104: 0.22228737 | AE104: -0.09006681 | AF104: -0.22228737 | AG104: 0.33489239 | AH104: 0.09006681
B105: 2025 | C105: 12 | D105: DAL | E105: PHI | F105: 24 | G105: 21 | H105: 0.47087485 | I105: +112 | J105: 0.52912515 | K105: -112 | L105: PHI | M105: DAL | N105: 0 | O105: 22.441663 | P105: 25.696632 | Q105: -3 | R105: -3.254969 | S105: away | T105: 3 | U105: home | V105: 0 | W105: 47.5 | X105: 48.138294 | Y105: over | Z105: 45 | AA105: under | AB105: 0 | AC105: -0.024016536 | AD105: -0.0031687721 | AE105: 0.25749626 | AF105: 0.0031687721 | AG105: 0.024016536 | AH105: -0.25749626
B106: 2025 | C106: 12 | D106: NO | E106: ATL | F106: 10 | G106: 24 | H106: 0.33749899 | I106: +196 | J106: 0.66250101 | K106: -196 | L106: ATL | M106: ATL | N106: 1 | O106: 17.70399 | P106: 22.578308 | Q106: 1.5 | R106: -4.8743184 | S106: away | T106: -14 | U106: away | V106: 1 | W106: 41.5 | X106: 40.282298 | Y106: under | Z106: 34 | AA106: under | AB106: 1 | AC106: -0.23330636 | AD106: 0.13419797 | AE106: -0.33283915 | AF106: -0.13419797 | AG106: 0.23330636 | AH106: 0.33283915
...

Sheet Weekly Record
B2: Picks
B3: Week | C3: Games | D3: Wins | E3: Losses | F3: %
B4: {=_xlfn.UNIQUE(_xlfn._xlws.FILTER(Master!C9:C1000,NOT(ISBLANK(Master!C9:C1000))))} -> 6 | C4: =COUNTIFS(Master!C:C,'Weekly Record'!B4) -> 15 | D4: =SUMIFS(Master!N:N, Master!C:C,'Weekly Record'!B4) -> 9 | E4: =C4-D4 -> 6 | F4: =D4/C4 -> 0.6
B5: 7 | C5: =COUNTIFS(Master!C:C,'Weekly Record'!B5) -> 15 | D5: =SUMIFS(Master!N:N, Master!C:C,'Weekly Record'!B5) -> 12 | E5: =C5-D5 -> 3 | F5: =D5/C5 -> 0.8
B6: 8 | C6: =COUNTIFS(Master!C:C,'Weekly Record'!B6) -> 13 | D6: =SUMIFS(Master!N:N, Master!C:C,'Weekly Record'!B6) -> 11 | E6: =C6-D6 -> 2 | F6: =D6/C6 -> 0.84615385
B7: 9 | C7: =COUNTIFS(Master!C:C,'Weekly Record'!B7) -> 14 | D7: =SUMIFS(Master!N:N, Master!C:C,'Weekly Record'!B7) -> 7 | E7: =C7-D7 -> 7 | F7: =D7/C7 -> 0.5
B8: 10 | C8: =COUNTIFS(Master!C:C,'Weekly Record'!B8) -> 14 | D8: =SUMIFS(Master!N:N, Master!C:C,'Weekly Record'!B8) -> 10 | E8: =C8-D8 -> 4 | F8: =D8/C8 -> 0.71428571
B9: 11 | C9: =COUNTIFS(Master!C:C,'Weekly Record'!B9) -> 15 | D9: =SUMIFS(Master!N:N, Master!C:C,'Weekly Record'!B9) -> 10 | E9: =C9-D9 -> 5 | F9: =D9/C9 -> 0.66666667
B10: 12 | C10: =COUNTIFS(Master!C:C,'Weekly Record'!B10) -> 14 | D10: =SUMIFS(Master!N:N, Master!C:C,'Weekly Record'!B10) -> 10 | E10: =C10-D10 -> 4 | F10: =D10/C10 -> 0.71428571
B11: 13 | C11: =COUNTIFS(Master!C:C,'Weekly Record'!B11) -> 16 | D11: =SUMIFS(Master!N:N, Master!C:C,'Weekly Record'!B11) -> 10 | E11: =C11-D11 -> 6 | F11: =D11/C11 -> 0.625
B12: 14 | C12: =COUNTIFS(Master!C:C,'Weekly Record'!B12) -> 14 | D12: =SUMIFS(Master!N:N, Master!C:C,'Weekly Record'!B12) -> 8 | E12: =C12-D12 -> 6 | F12: =D12/C12 -> 0.57142857
B13: 15 | C13: =COUNTIFS(Master!C:C,'Weekly Record'!B13) -> 16 | D13: =SUMIFS(Master!N:N, Master!C:C,'Weekly Record'!B13) -> 8 | E13: =C13-D13 -> 8 | F13: =D13/C13 -> 0.5
B14: 16 | C14: =COUNTIFS(Master!C:C,'Weekly Record'!B14) -> 16 | D14: =SUMIFS(Master!N:N, Master!C:C,'Weekly Record'!B14) -> 8 | E14: =C14-D14 -> 8 | F14: =D14/C14 -> 0.5
B15: 17 | C15: =COUNTIFS(Master!C:C,'Weekly Record'!B15) -> 16 | D15: =SUMIFS(Master!N:N, Master!C:C,'Weekly Record'!B15) -> 10 | E15: =C15-D15 -> 6 | F15: =D15/C15 -> 0.625
B16: 18
B17: ATS
B18: Week | C18: Games | D18: Wins | E18: Losses | F18: %
B19: {=_xlfn.UNIQUE(_xlfn._xlws.FILTER(Master!C9:C1000,NOT(ISBLANK(Master!C9:C1000))))} -> 6 | C19: =COUNTIFS(Master!C:C,'Weekly Record'!B19) -> 15 | D19: =SUMIFS(Master!V:V, Master!C:C,'Weekly Record'!B19) -> 0 | E19: =C19-D19 -> 15 | F19: =D19/C19 -> 0
B20: 7 | C20: =COUNTIFS(Master!C:C,'Weekly Record'!B20) -> 15 | D20: =SUMIFS(Master!V:V, Master!C:C,'Weekly Record'!B20) -> 0 | E20: =C20-D20 -> 15 | F20: =D20/C20 -> 0
B21: 8 | C21: =COUNTIFS(Master!C:C,'Weekly Record'!B21) -> 13 | D21: =SUMIFS(Master!V:V, Master!C:C,'Weekly Record'!B21) -> 0 | E21: =C21-D21 -> 13 | F21: =D21/C21 -> 0
B22: 9 | C22: =COUNTIFS(Master!C:C,'Weekly Record'!B22) -> 14 | D22: =SUMIFS(Master!V:V, Master!C:C,'Weekly Record'!B22) -> 0 | E22: =C22-D22 -> 14 | F22: =D22/C22 -> 0
B23: 10 | C23: =COUNTIFS(Master!C:C,'Weekly Record'!B23) -> 14 | D23: =SUMIFS(Master!V:V, Master!C:C,'Weekly Record'!B23) -> 0 | E23: =C23-D23 -> 14 | F23: =D23/C23 -> 0
B24: 11 | C24: =COUNTIFS(Master!C:C,'Weekly Record'!B24) -> 15 | D24: =SUMIFS(Master!V:V, Master!C:C,'Weekly Record'!B24) -> 6 | E24: =C24-D24 -> 9 | F24: =D24/C24 -> 0.4
B25: 12 | C25: =COUNTIFS(Master!C:C,'Weekly Record'!B25) -> 14 | D25: =SUMIFS(Master!V:V, Master!C:C,'Weekly Record'!B25) -> 8 | E25: =C25-D25 -> 6 | F25: =D25/C25 -> 0.57142857
B26: 13 | C26: =COUNTIFS(Master!C:C,'Weekly Record'!B26) -> 16 | D26: =SUMIFS(Master!V:V, Master!C:C,'Weekly Record'!B26) -> 10 | E26: =C26-D26 -> 6 | F26: =D26/C26 -> 0.625
B27: 14 | C27: =COUNTIFS(Master!C:C,'Weekly Record'!B27) -> 14 | D27: =SUMIFS(Master!V:V, Master!C:C,'Weekly Record'!B27) -> 8 | E27: =C27-D27 -> 6 | F27: =D27/C27 -> 0.57142857
B28: 15 | C28: =COUNTIFS(Master!C:C,'Weekly Record'!B28) -> 16 | D28: =SUMIFS(Master!V:V, Master!C:C,'Weekly Record'!B28) -> 8 | E28: =C28-D28 -> 8 | F28: =D28/C28 -> 0.5
B29: 16 | C29: =COUNTIFS(Master!C:C,'Weekly Record'!B29) -> 16 | D29: =SUMIFS(Master!V:V, Master!C:C,'Weekly Record'!B29) -> 6 | E29: =C29-D29 -> 10 | F29: =D29/C29 -> 0.375
B30: 17 | C30: =COUNTIFS(Master!C:C,'Weekly Record'!B30) -> 16 | D30: =SUMIFS(Master!V:V, Master!C:C,'Weekly Record'!B30) -> 10 | E30: =C30-D30 -> 6 | F30: =D30/C30 -> 0.625
B31: 18
B33: ATS
B34: Week | C34: Games | D34: Wins | E34: Losses | F34: %
B35: {=_xlfn.UNIQUE(_xlfn._xlws.FILTER(Master!C9:C1000,NOT(ISBLANK(Master!C9:C1000))))} -> 6 | C35: =COUNTIFS(Master!C:C,'Weekly Record'!B35) -> 15 | D35: =SUMIFS(Master!AB:AB, Master!C:C,'Weekly Record'!B35) -> 0 | E35: =C35-D35 -> 15 | F35: =D35/C35 -> 0
B36: 7 | C36: =COUNTIFS(Master!C:C,'Weekly Record'!B36) -> 15 | D36: =SUMIFS(Master!AB:AB, Master!C:C,'Weekly Record'!B36) -> 0 | E36: =C36-D36 -> 15 | F36: =D36/C36 -> 0
B37: 8 | C37: =COUNTIFS(Master!C:C,'Weekly Record'!B37) -> 13 | D37: =SUMIFS(Master!AB:AB, Master!C:C,'Weekly Record'!B37) -> 0 | E37: =C37-D37 -> 13 | F37: =D37/C37 -> 0
B38: 9 | C38: =COUNTIFS(Master!C:C,'Weekly Record'!B38) -> 14 | D38: =SUMIFS(Master!AB:AB, Master!C:C,'Weekly Record'!B38) -> 0 | E38: =C38-D38 -> 14 | F38: =D38/C38 -> 0
B39: 10 | C39: =COUNTIFS(Master!C:C,'Weekly Record'!B39) -> 14 | D39: =SUMIFS(Master!AB:AB, Master!C:C,'Weekly Record'!B39) -> 0 | E39: =C39-D39 -> 14 | F39: =D39/C39 -> 0
B40: 11 | C40: =COUNTIFS(Master!C:C,'Weekly Record'!B40) -> 15 | D40: =SUMIFS(Master!AB:AB, Master!C:C,'Weekly Record'!B40) -> 7 | E40: =C40-D40 -> 8 | F40: =D40/C40 -> 0.46666667
B41: 12 | C41: =COUNTIFS(Master!C:C,'Weekly Record'!B41) -> 14 | D41: =SUMIFS(Master!AB:AB, Master!C:C,'Weekly Record'!B41) -> 7 | E41: =C41-D41 -> 7 | F41: =D41/C41 -> 0.5
B42: 13 | C42: =COUNTIFS(Master!C:C,'Weekly Record'!B42) -> 16 | D42: =SUMIFS(Master!AB:AB, Master!C:C,'Weekly Record'!B42) -> 8 | E42: =C42-D42 -> 8 | F42: =D42/C42 -> 0.5
B43: 14 | C43: =COUNTIFS(Master!C:C,'Weekly Record'!B43) -> 14 | D43: =SUMIFS(Master!AB:AB, Master!C:C,'Weekly Record'!B43) -> 4 | E43: =C43-D43 -> 10 | F43: =D43/C43 -> 0.28571429
B44: 15 | C44: =COUNTIFS(Master!C:C,'Weekly Record'!B44) -> 16 | D44: =SUMIFS(Master!AB:AB, Master!C:C,'Weekly Record'!B44) -> 6 | E44: =C44-D44 -> 10 | F44: =D44/C44 -> 0.375
B45: 16 | C45: =COUNTIFS(Master!C:C,'Weekly Record'!B45) -> 16 | D45: =SUMIFS(Master!AB:AB, Master!C:C,'Weekly Record'!B45) -> 8 | E45: =C45-D45 -> 8 | F45: =D45/C45 -> 0.5
B46: 17 | C46: =COUNTIFS(Master!C:C,'Weekly Record'!B46) -> 16 | D46: =SUMIFS(Master!AB:AB, Master!C:C,'Weekly Record'!B46) -> 7 | E46: =C46-D46 -> 9 | F46: =D46/C46 -> 0.4375
B47: 18

Sheet Week 6
B2: Correct | C2: 9
B3: Games | C3: 15
B4: % | C4: 0.6
F6: Probabilities | J6: Results | M6: home_epa | P6: away_epa
B7: season | C7: week | D7: home_team | E7: away_team | F7: prob_home | G7: home_team_ml | H7: prob_away | I7: away_team_ml | J7: pred | K7: winner | L7: correct? | M7: EPA_O_Play | N7: EPA_D_Play | O7: EPA_ST_Play | P7: EPA_O_Play | Q7: EPA_D_Play | R7: EPA_ST_Play
B8: 2025 | C8: 6 | D8: NYG | E8: PHI | F8: 0.28413917 | G8: +251 | H8: 0.71586083 | I8: -251 | J8: PHI | K8: NYG | L8: =IF(K8=J8,1,0) -> 0 | M8: 0.25124221 | N8: 0.066168526 | O8: -0.027362438 | P8: -0.066168526 | Q8: -0.25124221 | R8: 0.027362438
B9: 2025 | C9: 6 | D9: NYJ | E9: DEN | F9: 0.30012096 | G9: +233 | H9: 0.69987904 | I9: -233 | J9: DEN | K9: DEN | L9: =IF(K9=J9,1,0) -> 1 | M9: -0.43215489 | N9: 0.16995373 | O9: 0.34083964 | P9: -0.16995373 | Q9: 0.43215489 | R9: -0.34083964
B10: 2025 | C10: 6 | D10: BAL | E10: LA | F10: 0.53913174 | G10: -116 | H10: 0.46086826 | I10: +116 | J10: BAL | K10: LA | L10: =IF(K10=J10,1,0) -> 0 | M10: -0.29375997 | N10: -0.015975545 | O10: 0.37059372 | P10: 0.015975545 | Q10: 0.29375997 | R10: -0.37059372
B11: 2025 | C11: 6 | D11: CAR | E11: DAL | F11: 0.49133873 | G11: +103 | H11: 0.50866127 | I11: -103 | J11: DAL | K11: CAR | L11: =IF(K11=J11,1,0) -> 0 | M11: 0.17789871 | N11: -0.2027874 | O11: 0.024269279 | P11: 0.2027874 | Q11: -0.17789871 | R11: -0.024269279
B12: 2025 | C12: 6 | D12: IND | E12: ARI | F12: 0.58161291 | G12: -139 | H12: 0.41838709 | I12: +139 | J12: IND | K12: IND | L12: =IF(K12=J12,1,0) -> 1 | M12: 0.15875688 | N12: -0.073672771 | O12: -0.062292337 | P12: 0.073672771 | Q12: -0.15875688 | R12: 0.062292337
B13: 2025 | C13: 6 | D13: JAX | E13: SEA | F13: 0.46542939 | G13: +114 | H13: 0.53457061 | I13: -114 | J13: SEA | K13: SEA | L13: =IF(K13=J13,1,0) -> 1 | M13: -0.082264423 | N13: -0.020928413 | O13: -0.20806897 | P13: 0.020928413 | Q13: 0.082264423 | R13: 0.20806897
B14: 2025 | C14: 6 | D14: MIA | E14: LAC | F14: 0.4933361 | G14: +102 | H14: 0.5066639 | I14: -102 | J14: LAC | K14: LAC | L14: =IF(K14=J14,1,0) -> 1 | M14: 0.038278063 | N14: -0.0617472 | O14: -0.013840508 | P14: 0.0617472 | Q14: -0.038278063 | R14: 0.013840508
B15: 2025 | C15: 6 | D15: NO | E15: NE | F15: 0.39499877 | G15: +153 | H15: 0.60500123 | I15: -153 | J15: NE | K15: NE | L15: =IF(K15=J15,1,0) -> 1 | M15: -0.073139174 | N15: -0.13044801 | O15: 0.13509109 | P15: 0.13044801 | Q15: 0.073139174 | R15: -0.13509109
B16: 2025 | C16: 6 | D16: PIT | E16: CLE | F16: 0.71805668 | G16: -254 | H16: 0.28194332 | I16: +254 | J16: PIT | K16: PIT | L16: =IF(K16=J16,1,0) -> 1 | M16: 0.095861427 | N16: 0.13702202 | O16: -0.14666659 | P16: -0.13702202 | Q16: -0.095861427 | R16: 0.14666659
B17: 2025 | C17: 6 | D17: LV | E17: TEN | F17: 0.60215188 | G17: -151 | H17: 0.39784812 | I17: +151 | J17: LV | K17: LV | L17: =IF(K17=J17,1,0) -> 1 | M17: -0.097661511 | N17: 0.24401585 | O17: 0.19498157 | P17: -0.24401585 | Q17: 0.097661511 | R17: -0.19498157
B18: 2025 | C18: 6 | D18: GB | E18: CIN | F18: 0.72152836 | G18: -259 | H18: 0.27847164 | I18: +259 | J18: GB | K18: GB | L18: =IF(K18=J18,1,0) -> 1 | M18: 0.21342839 | N18: -0.10244938 | O18: 0.089890928 | P18: 0.10244938 | Q18: -0.21342839 | R18: -0.089890928
B19: 2025 | C19: 6 | D19: TB | E19: SF | F19: 0.59882672 | G19: -149 | H19: 0.40117328 | I19: +149 | J19: TB | K19: TB | L19: =IF(K19=J19,1,0) -> 1 | M19: 0.24584 | N19: 0.11939343 | O19: -0.28655228 | P19: -0.11939343 | Q19: -0.24584 | R19: 0.28655228
B20: 2025 | C20: 6 | D20: KC | E20: DET | F20: 0.36153707 | G20: +176 | H20: 0.63846293 | I20: -176 | J20: DET | K20: KC | L20: =IF(K20=J20,1,0) -> 0 | M20: 0.31075544 | N20: -0.08266475 | O20: -0.0042046241 | P20: 0.08266475 | Q20: -0.31075544 | R20: 0.0042046241
B21: 2025 | C21: 6 | D21: ATL | E21: BUF | F21: 0.31839251 | G21: +214 | H21: 0.68160749 | I21: -214 | J21: BUF | K21: ATL | L21: =IF(K21=J21,1,0) -> 0 | M21: 0.10814126 | N21: 0.10416144 | O21: -0.1186255 | P21: -0.10416144 | Q21: -0.10814126 | R21: 0.1186255
B22: 2025 | C22: 6 | D22: WAS | E22: CHI | F22: 0.73154658 | G22: -272 | H22: 0.26845342 | I22: +272 | J22: WAS | K22: CHI | L22: =IF(K22=J22,1,0) -> 0 | M22: 0.018111467 | N22: -0.1277509 | O22: 0.071527021 | P22: 0.1277509 | Q22: -0.018111467 | R22: -0.071527021

Sheet Week 7
B2: Correct | C2: =SUM($L$8:$L$22) -> 12
B3: Games | C3: =COUNTA($L$8:$L$23) -> 15
B4: % | C4: =C2/C3 -> 0.8
F6: Probabilities | J6: Results | N6: home_epa | Q6: away_epa
B7: season | C7: week | D7: home_team | E7: away_team | F7: prob_home | G7: home_team_ml | H7: prob_away | I7: away_team_ml | J7: pred | K7: winner | L7: correct? | M7: spread | N7: EPA_O_Play | O7: EPA_D_Play | P7: EPA_ST_Play | Q7: EPA_O_Play | R7: EPA_D_Play | S7: EPA_ST_Play
B8: 2025 | C8: 7 | D8: CIN | E8: PIT | F8: 0.48091506 | G8: +107 | H8: 0.51908494 | I8: -107 | J8: PIT | K8: CIN | L8: 0 | M8: -1.4250698 | N8: 0.28925643 | O8: -0.27371408 | P8: -0.076034888 | Q8: 0.27371408 | R8: -0.28925643 | S8: 0.076034888
B9: 2025 | C9: 7 | D9: JAX | E9: LA | F9: 0.46977703 | G9: +112 | H9: 0.53022297 | I9: -112 | J9: LA | K9: LA | L9: 1 | M9: 1.409425 | N9: -0.1461088 | O9: -0.23843634 | P9: -0.20178508 | Q9: 0.23843634 | R9: 0.1461088 | S9: 0.20178508
B10: 2025 | C10: 7 | D10: CHI | E10: NO | F10: 0.58504581 | G10: -140 | H10: 0.41495419 | I10: +140 | J10: CHI | K10: CHI | L10: 1 | M10: 2.0776658 | N10: 0.01348116 | O10: 0.22400876 | P10: 0.19784313 | Q10: -0.22400876 | R10: -0.01348116 | S10: -0.19784313
B11: 2025 | C11: 7 | D11: CLE | E11: MIA | F11: 0.33682566 | G11: +196 | H11: 0.66317434 | I11: -196 | J11: MIA | K11: CLE | L11: 0 | M11: -5.310912 | N11: -0.017893693 | O11: 0.51155989 | P11: 0.063372169 | Q11: -0.51155989 | R11: 0.017893693 | S11: -0.063372169
B12: 2025 | C12: 7 | D12: KC | E12: LV | F12: 0.76251043 | G12: -321 | H12: 0.23748957 | I12: +321 | J12: KC | K12: KC | L12: 1 | M12: 10.944503 | N12: 0.2171731 | O12: 0.62946069 | P12: -0.24452791 | Q12: -0.62946069 | R12: -0.2171731 | S12: 0.24452791
B13: 2025 | C13: 7 | D13: MIN | E13: PHI | F13: 0.46008668 | G13: +117 | H13: 0.53991332 | I13: -117 | J13: PHI | K13: PHI | L13: 1 | M13: -3.3049392 | N13: -0.088495227 | O13: -0.20847946 | P13: 0.33452468 | Q13: 0.20847946 | R13: 0.088495227 | S13: -0.33452468
B14: 2025 | C14: 7 | D14: NYJ | E14: CAR | F14: 0.43942513 | G14: +127 | H14: 0.56057487 | I14: -127 | J14: CAR | K14: CAR | L14: 1 | M14: -0.38674877 | N14: -0.26674719 | O14: 0.085645286 | P14: -0.11531259 | Q14: -0.085645286 | R14: 0.26674719 | S14: 0.11531259
B15: 2025 | C15: 7 | D15: TEN | E15: NE | F15: 0.31228555 | G15: +220 | H15: 0.68771445 | I15: -220 | J15: NE | K15: NE | L15: 1 | M15: -8.9711202 | N15: -0.28472243 | O15: -0.24146947 | P15: 0.26711339 | Q15: 0.24146947 | R15: 0.28472243 | S15: -0.26711339
B16: 2025 | C16: 7 | D16: DEN | E16: NYG | F16: 0.74988507 | G16: -299 | H16: 0.25011493 | I16: +299 | J16: DEN | K16: DEN | L16: 1 | M16: 11.01286 | N16: 0.11573301 | O16: -0.19457486 | P16: 0.097547495 | Q16: 0.19457486 | R16: -0.11573301 | S16: -0.097547495
B17: 2025 | C17: 7 | D17: LAC | E17: IND | F17: 0.4904864 | G17: +103 | H17: 0.5095136 | I17: -103 | J17: IND | K17: IND | L17: 1 | M17: 1.4672085 | N17: 0.096067357 | O17: -0.44475957 | P17: -0.15667809 | Q17: 0.44475957 | R17: -0.096067357 | S17: 0.15667809
B18: 2025 | C18: 7 | D18: ARI | E18: GB | F18: 0.42954545 | G18: +132 | H18: 0.57045455 | I18: -132 | J18: GB | K18: GB | L18: 1 | M18: -1.7804052 | N18: -0.0025914829 | O18: -0.11835686 | P18: 0.052370644 | Q18: 0.11835686 | R18: 0.0025914829 | S18: -0.052370644
B19: 2025 | C19: 7 | D19: DAL | E19: WAS | F19: 0.45455863 | G19: +119 | H19: 0.54544137 | I19: -119 | J19: WAS | K19: DAL | L19: 0 | M19: -4.5381075 | N19: 0.15809155 | O19: 0.19612538 | P19: 0.031338125 | Q19: -0.19612538 | R19: -0.15809155 | S19: -0.031338125
B20: 2025 | C20: 7 | D20: SF | E20: ATL | F20: 0.50845245 | G20: -103 | H20: 0.49154755 | I20: +103 | J20: SF | K20: SF | L20: 1 | M20: 2.2762753 | N20: 0.0394085 | O20: 0.12123582 | P20: 0.039254677 | Q20: -0.12123582 | R20: -0.0394085 | S20: -0.039254677
B21: 2025 | C21: 7 | D21: DET | E21: TB | F21: 0.58751521 | G21: -142 | H21: 0.41248479 | I21: +142 | J21: DET | K21: DET | L21: 1 | M21: 1.7082762 | N21: -0.099057456 | O21: 0.35557553 | P21: -0.024791638 | Q21: -0.35557553 | R21: 0.099057456 | S21: 0.024791638
B22: 2025 | C22: 7 | D22: SEA | E22: HOU | F22: 0.61141525 | G22: -157 | H22: 0.38858475 | I22: +157 | J22: SEA | K22: SEA | L22: 1 | M22: 3.772163 | N22: -0.23093883 | O22: 0.32778671 | P22: 0.043519257 | Q22: -0.32778671 | R22: 0.23093883 | S22: -0.043519257

Sheet Week 8
B2: Correct | C2: =SUM($L$8:$L$20) -> 11
B3: Games | C3: =COUNTA($L$8:$L$21) -> 13
B4: % | C4: =C2/C3 -> 0.84615385
F6: Probabilities | J6: Results | N6: home_epa | Q6: away_epa
B7: season | C7: week | D7: home_team | E7: away_team | F7: prob_home | G7: home_team_ml | H7: prob_away | I7: away_team_ml | J7: pred | K7: winner | L7: correct? | M7: spread | N7: EPA_O_Play | O7: EPA_D_Play | P7: EPA_ST_Play | Q7: EPA_O_Play | R7: EPA_D_Play | S7: EPA_ST_Play
B8: 2025 | C8: 8 | D8: LAC | E8: MIN | F8: 0.536 | G8: -120 | H8: 0.464 | I8: +120 | J8: LAC | K8: LAC | L8: 1 | M8: 0.3 | N8: 0.20573016 | O8: 0.33306915 | P8: -0.013063612 | Q8: -0.33306915 | R8: -0.20573016 | S8: 0.013063612
B9: 2025 | C9: 8 | D9: ATL | E9: MIA | F9: 0.586 | G9: -144 | H9: 0.414 | I9: +144 | J9: ATL | K9: MIA | L9: 0 | M9: 1.8 | N9: -0.30089874 | O9: -0.13344567 | P9: -0.14619972 | Q9: 0.13344567 | R9: 0.30089874 | S9: 0.14619972
B10: 2025 | C10: 8 | D10: BAL | E10: CHI | F10: 0.61263916 | G10: -158 | H10: 0.38736084 | I10: +158 | J10: BAL | K10: BAL | L10: 1 | M10: 4.6 | N10: 0.20792883 | O10: -0.017090889 | P10: 0.084218423 | Q10: 0.017090889 | R10: -0.20792883 | S10: -0.084218423
B11: 2025 | C11: 8 | D11: CAR | E11: BUF | F11: 0.347 | G11: +204 | H11: 0.653 | I11: -204 | J11: BUF | K11: BUF | L11: 1 | M11: -8.9 | N11: -0.31306085 | O11: -0.32291098 | P11: 0.048412263 | Q11: 0.32291098 | R11: 0.31306085 | S11: -0.048412263
B12: 2025 | C12: 8 | D12: CIN | E12: NYJ | F12: 0.604 | G12: -148 | H12: 0.396 | I12: +148 | J12: CIN | K12: NYJ | L12: 0 | M12: 2.4368333 | N12: 0.25655905 | O12: -0.31294929 | P12: 0.062102087 | Q12: 0.31294929 | R12: -0.25655905 | S12: -0.062102087
B13: 2025 | C13: 8 | D13: HOU | E13: SF | F13: 0.536 | G13: -116 | H13: 0.464 | I13: +116 | J13: HOU | K13: HOU | L13: 1 | M13: 4 | N13: 0.21049607 | O13: 0.036765984 | P13: -0.11886264 | Q13: -0.036765984 | R13: -0.21049607 | S13: 0.11886264
B14: 2025 | C14: 8 | D14: NE | E14: CLE | F14: 0.7986187 | G14: -396 | H14: 0.2013813 | I14: +396 | J14: NE | K14: NE | L14: 1 | M14: 9.4 | N14: 0.073067423 | O14: 0.31074229 | P14: 0.096539397 | Q14: -0.31074229 | R14: -0.073067423 | S14: -0.096539397
B15: 2025 | C15: 8 | D15: PHI | E15: NYG | F15: 0.698 | G15: -227 | H15: 0.302 | I15: +227 | J15: PHI | K15: PHI | L15: 1 | M15: 8.292967 | N15: 0.38337591 | O15: -0.041866832 | P15: -0.021435082 | Q15: 0.041866832 | R15: -0.38337591 | S15: 0.021435082
B16: 2025 | C16: 8 | D16: NO | E16: TB | F16: 0.282 | G16: +260 | H16: 0.718 | I16: -260 | J16: TB | K16: TB | L16: 1 | M16: -7.4 | N16: -0.46523213 | O16: 0.16694887 | P16: -0.19439544 | Q16: -0.16694887 | R16: 0.46523213 | S16: 0.19439544
B17: 2025 | C17: 8 | D17: DEN | E17: DAL | F17: 0.578 | G17: -139 | H17: 0.422 | I17: +139 | J17: DEN | K17: DEN | L17: 1 | M17: 6.3 | N17: 0.37087668 | O17: -0.044475715 | P17: 0.017721645 | Q17: 0.044475715 | R17: -0.37087668 | S17: -0.017721645
B18: 2025 | C18: 8 | D18: IND | E18: TEN | F18: 0.864 | G18: -646 | H18: 0.136 | I18: +646 | J18: IND | K18: IND | L18: 1 | M18: 13 | N18: 0.34562467 | O18: 0.036582743 | P18: 0.26308648 | Q18: -0.036582743 | R18: -0.34562467 | S18: -0.26308648
B19: 2025 | C19: 8 | D19: PIT | E19: GB | F19: 0.413 | G19: +138 | H19: 0.587 | I19: -138 | J19: GB | K19: GB | L19: 1 | M19: -3.5 | N19: -0.12485238 | O19: -0.32949493 | P19: 0.42716217 | Q19: 0.32949493 | R19: 0.12485238 | S19: -0.42716217
B20: 2025 | C20: 8 | D20: KC | E20: WAS | F20: 0.617 | G20: -160 | H20: 0.383 | I20: +160 | J20: KC | K20: KC | L20: 1 | M20: 4.5 | N20: 0.26601786 | O20: 0.1654421 | P20: -0.18689229 | Q20: -0.1654421 | R20: -0.26601786 | S20: 0.18689229

Sheet Week 9
B2: Correct | C2: =SUM($L$8:$L$20) -> 7
B3: Games | C3: =COUNTA($L$8:$L$21) -> 14
B4: % | C4: =C2/C3 -> 0.5
F6: Probabilities | J6: Results | N6: home_epa | Q6: away_epa
B7: season | C7: week | D7: home_team | E7: away_team | F7: prob_home | G7: home_team_ml | H7: prob_away | I7: away_team_ml | J7: pred | K7: winner | L7: correct? | M7: spread | N7: EPA_O_Play | O7: EPA_D_Play | P7: EPA_ST_Play | Q7: EPA_O_Play | R7: EPA_D_Play | S7: EPA_ST_Play
B8: 2025 | C8: 9 | D8: MIA | E8: BAL | F8: 0.44668876 | G8: +123 | H8: 0.55331124 | I8: -123 | J8: BAL | K8: BAL | L8: 1 | M8: -1.8151554 | N8: -0.22526313 | O8: -0.16305417 | P8: -0.01721597 | Q8: 0.16305417 | R8: 0.22526313 | S8: 0.01721597
B9: 2025 | C9: 9 | D9: CIN | E9: CHI | F9: 0.60003242 | G9: -150 | H9: 0.39996758 | I9: +150 | J9: CIN | K9: CHI | L9: 0 | M9: 5.2136732 | N9: 0.18499579 | O9: -0.43041533 | P9: 0.35861015 | Q9: 0.43041533 | R9: -0.18499579 | S9: -0.35861015
B10: 2025 | C10: 9 | D10: DET | E10: MIN | F10: 0.69773234 | G10: -230 | H10: 0.30226766 | I10: +230 | J10: DET | K10: MIN | L10: 0 | M10: 5.1113256 | N10: -0.038011411 | O10: 0.018339883 | P10: -0.1744423 | Q10: -0.018339883 | R10: 0.038011411 | S10: 0.1744423
B11: 2025 | C11: 9 | D11: GB | E11: CAR | F11: 0.7107726 | G11: -245 | H11: 0.2892274 | I11: +245 | J11: GB | K11: CAR | L11: 0 | M11: 8.8238014 | N11: -0.0015043539 | O11: -0.073761737 | P11: -0.0084348623 | Q11: 0.073761737 | R11: 0.0015043539 | S11: 0.0084348623
B12: 2025 | C12: 9 | D12: HOU | E12: DEN | F12: 0.49332374 | G12: +102 | H12: 0.50667626 | I12: -102 | J12: DEN | K12: DEN | L12: 1 | M12: -1.8833132 | N12: -0.19600596 | O12: 0.10367945 | P12: 0.19043292 | Q12: -0.10367945 | R12: 0.19600596 | S12: -0.19043292
B13: 2025 | C13: 9 | D13: NE | E13: ATL | F13: 0.61882511 | G13: -162 | H13: 0.38117489 | I13: +162 | J13: NE | K13: NE | L13: 1 | M13: 4.6932068 | N13: 0.01246086 | O13: -0.034125898 | P13: 0.067735273 | Q13: 0.034125898 | R13: -0.01246086 | S13: -0.067735273
B14: 2025 | C14: 9 | D14: NYG | E14: SF | F14: 0.48417671 | G14: +106 | H14: 0.51582329 | I14: -106 | J14: SF | K14: SF | L14: 1 | M14: -2.1777639 | N14: 0.15103745 | O14: -0.24087369 | P14: -0.23305713 | Q14: 0.24087369 | R14: -0.15103745 | S14: 0.23305713
B15: 2025 | C15: 9 | D15: PIT | E15: IND | F15: 0.36042278 | G15: +177 | H15: 0.63957722 | I15: -177 | J15: IND | K15: PIT | L15: 0 | M15: -3.7411637 | N15: -0.10357435 | O15: 0.094617844 | P15: 0.25383404 | Q15: -0.094617844 | R15: 0.10357435 | S15: -0.25383404
B16: 2025 | C16: 9 | D16: TEN | E16: LAC | F16: 0.24911204 | G16: +301 | H16: 0.75088796 | I16: -301 | J16: LAC | K16: LAC | L16: 1 | M16: -10.468339 | N16: -0.24477963 | O16: -0.041809082 | P16: 0.18575405 | Q16: 0.041809082 | R16: 0.24477963 | S16: -0.18575405
B17: 2025 | C17: 9 | D17: LA | E17: NO | F17: 0.75454089 | G17: -307 | H17: 0.24545911 | I17: +307 | J17: LA | K17: LA | L17: 1 | M17: 9.4243349 | N17: 0.25134553 | O17: 0.31206388 | P17: -0.28692413 | Q17: -0.31206388 | R17: -0.25134553 | S17: 0.28692413
B18: 2025 | C18: 9 | D18: LV | E18: JAX | F18: 0.39584202 | G18: +152 | H18: 0.60415798 | I18: -152 | J18: JAX | K18: JAX | L18: 1 | M18: 0.7817882 | N18: 0.14785485 | O18: -0.10314792 | P18: -0.13232757 | Q18: 0.10314792 | R18: -0.14785485 | S18: 0.13232757
B19: 2025 | C19: 9 | D19: BUF | E19: KC | F19: 0.49275135 | G19: +102 | H19: 0.50724865 | I19: -102 | J19: KC | K19: BUF | L19: 0 | M19: 0.058964153 | N19: 0.21633625 | O19: 0.0022891673 | P19: -0.29582127 | Q19: -0.0022891673 | R19: -0.21633625 | S19: 0.29582127
... B21: 2025 | C21: 9 | D21: DAL | E21: ARI | F21: 0.55292721 | G21: -123 | H21: 0.44707279 | I21: +123 | J21: DAL | K21: ARI | L21: 0 | M21: -1.4444053 | N21: -0.1342727 | O21: -0.11058104 | P21: 0.12445244 | Q21: 0.11058104 | R21: 0.1342727 | S21: -0.12445244

Sheet Week 10
B2: Correct | C2: =SUM($L$8:$L$20) -> 10
B3: Games | C3: =COUNTA($L$8:$L$21) -> 14
B4: % | C4: =C2/C3 -> 0.71428571
F6: Probabilities | J6: Results | N6: home_epa | Q6: away_epa
B7: season | C7: week | D7: home_team | E7: away_team | F7: prob_home | G7: home_team_ml | H7: prob_away | I7: away_team_ml | J7: pred | K7: winner | L7: correct? | M7: spread | N7: EPA_O_Play | O7: EPA_D_Play | P7: EPA_ST_Play | Q7: EPA_O_Play | R7: EPA_D_Play | S7: EPA_ST_Play
B8: 2025 | C8: 10 | D8: DEN | E8: LV | F8: 0.76598917 | G8: -327 | H8: 0.23401083 | I8: 327 | J8: DEN | K8: DEN | L8: 1 | M8: 8.1813164 | N8: -0.30538679 | O8: 0.3926294 | P8: 0.065123501 | Q8: -0.3926294 | R8: 0.30538679 | S8: -0.065123501
B9: 2025 | C9: 10 | D9: IND | E9: ATL | F9: 0.71280531 | G9: -248 | H9: 0.28719469 | I9: 248 | J9: IND | K9: IND | L9: 1 | M9: 7.3657236 | N9: 0.16381766 | O9: 0.023067955 | P9: -0.12090954 | Q9: -0.023067955 | R9: -0.16381766 | S9: 0.12090954
B10: 2025 | C10: 10 | D10: CAR | E10: NO | F10: 0.70590823 | G10: -240 | H10: 0.29409177 | I10: 240 | J10: CAR | K10: NO | L10: 0 | M10: 3.9583235 | N10: -0.30006108 | O10: -0.14284027 | P10: 0.33378386 | Q10: 0.14284027 | R10: 0.30006108 | S10: -0.33378386
B11: 2025 | C11: 10 | D11: CHI | E11: NYG | F11: 0.59132934 | G11: -144 | H11: 0.40867066 | I11: 144 | J11: CHI | K11: CHI | L11: 1 | M11: 7.4688557 | N11: 0.076580394 | O11: 0.0054572396 | P11: -0.01544331 | Q11: -0.0054572396 | R11: -0.076580394 | S11: 0.01544331
B12: 2025 | C12: 10 | D12: HOU | E12: JAX | F12: 0.62953559 | G12: -169 | H12: 0.37046441 | I12: 169 | J12: HOU | K12: HOU | L12: 1 | M12: 5.7488555 | N12: 0.11924662 | O12: 0.17853055 | P12: -0.35401583 | Q12: -0.17853055 | R12: -0.11924662 | S12: 0.35401583
B13: 2025 | C13: 10 | D13: MIA | E13: BUF | F13: 0.26774883 | G13: 273 | H13: 0.73225117 | I13: -273 | J13: BUF | K13: MIA | L13: 0 | M13: -9.2184474 | N13: 0.31231633 | O13: 0.069657404 | P13: 0.10761982 | Q13: -0.069657404 | R13: -0.31231633 | S13: -0.10761982
B14: 2025 | C14: 10 | D14: MIN | E14: BAL | F14: 0.44864183 | G14: 122 | H14: 0.55135817 | I14: -122 | J14: BAL | K14: BAL | L14: 1 | M14: 0.75145619 | N14: -0.07083939 | O14: -0.010264242 | P14: -0.13717836 | Q14: 0.010264242 | R14: 0.07083939 | S14: 0.13717836
B15: 2025 | C15: 10 | D15: NYJ | E15: CLE | F15: 0.63435392 | G15: -173 | H15: 0.36564608 | I15: 173 | J15: NYJ | K15: NYJ | L15: 1 | M15: 4.8957802 | N15: -0.24411571 | O15: 0.043361252 | P15: 0.46754145 | Q15: -0.043361252 | R15: 0.24411571 | S15: -0.46754145
B16: 2025 | C16: 10 | D16: TB | E16: NE | F16: 0.54090552 | G16: -117 | H16: 0.45909448 | I16: 117 | J16: TB | K16: NE | L16: 0 | M16: 5.7404372 | N16: 0.067429122 | O16: -0.19361868 | P16: -0.032632189 | Q16: 0.19361868 | R16: -0.067429122 | S16: 0.032632189
B17: 2025 | C17: 10 | D17: SEA | E17: ARI | F17: 0.6036118 | G17: -152 | H17: 0.3963882 | I17: 152 | J17: SEA | K17: SEA | L17: 1 | M17: 2.2381512 | N17: 0.087747591 | O17: 0.22612943 | P17: 0.19157505 | Q17: -0.22612943 | R17: -0.087747591 | S17: -0.19157505
B18: 2025 | C18: 10 | D18: SF | E18: LA | F18: 0.37630173 | G18: 165 | H18: 0.62369827 | I18: -165 | J18: LA | K18: LA | L18: 1 | M18: -6.0450952 | N18: 0.12942703 | O18: -0.4141483 | P18: -0.029721847 | Q18: 0.4141483 | R18: -0.12942703 | S18: 0.029721847
B19: 2025 | C19: 10 | D19: WAS | E19: DET | F19: 0.32988907 | G19: 203 | H19: 0.67011093 | I19: -203 | J19: DET | K19: DET | L19: 1 | M19: -8.9053153 | N19: 0.21370635 | O19: -0.49142589 | P19: -0.050597828 | Q19: 0.49142589 | R19: -0.21370635 | S19: 0.050597828
... B21: 2025 | C21: 10 | D21: GB | E21: PHI | F21: 0.54854361 | G21: -121 | H21: 0.45145639 | I21: 121 | J21: GB | K21: PHI | L21: 0 | M21: 1.9739159 | N21: -0.15282585 | O21: 0.069291402 | P21: -0.03648334 | Q21: -0.069291402 | R21: 0.15282585 | S21: 0.03648334
B24: season | C24: week | D24: home_team | E24: away_team | F24: prob_home | G24: pred_home_ml_viz | H24: prob_away | I24: pred_away_ml_viz | J24: home_moneyline | K24: away_moneyline | L24: pred | M24: winner | N24: correct? | O24: spread_line | P24: pred_spread | Q24: total_line | R24: home_team_EPA_O_Play | S24: home_team_EPA_D_Play | T24: home_team_EPA_ST_Play | U24: away_team_EPA_O_Play | V24: away_team_EPA_D_Play | W24: away_team_EPA_ST_Play
B25: 2025 | C25: 10 | D25: DEN | E25: LV | F25: 0.76598917 | G25: -327 | H25: 0.23401083 | I25: 327 | J25: -500 | K25: 380 | L25: DEN | M25: DEN | N25: 1 | O25: 9.5 | P25: 8.1813164 | Q25: 42.5 | R25: -0.30538679 | S25: 0.3926294 | T25: 0.065123501 | U25: -0.3926294 | V25: 0.30538679 | W25: -0.065123501
B26: 2025 | C26: 10 | D26: IND | E26: ATL | F26: 0.71280531 | G26: -248 | H26: 0.28719469 | I26: 248 | J26: -310 | K26: 250 | L26: IND | M26: IND | N26: 1 | O26: 6.5 | P26: 7.3657236 | Q26: 48.5 | R26: 0.16381766 | S26: 0.023067955 | T26: -0.12090954 | U26: -0.023067955 | V26: -0.16381766 | W26: 0.12090954
B27: 2025 | C27: 10 | D27: CAR | E27: NO | F27: 0.70590823 | G27: -240 | H27: 0.29409177 | I27: 240 | J27: -245 | K27: 200 | L27: CAR | M27: NO | N27: 0 | O27: 5.5 | P27: 3.9583235 | Q27: 38.5 | R27: -0.30006108 | S27: -0.14284027 | T27: 0.33378386 | U27: 0.14284027 | V27: 0.30006108 | W27: -0.33378386
B28: 2025 | C28: 10 | D28: CHI | E28: NYG | F28: 0.59132934 | G28: -144 | H28: 0.40867066 | I28: 144 | J28: -218 | K28: 180 | L28: CHI | M28: CHI | N28: 1 | O28: 4.5 | P28: 7.4688557 | Q28: 45.5 | R28: 0.076580394 | S28: 0.0054572396 | T28: -0.01544331 | U28: -0.0054572396 | V28: -0.076580394 | W28: 0.01544331
B29: 2025 | C29: 10 | D29: HOU | E29: JAX | F29: 0.62953559 | G29: -169 | H29: 0.37046441 | I29: 169 | J29: -105 | K29: -115 | L29: HOU | M29: HOU | N29: 1 | O29: -1.5 | P29: 5.7488555 | Q29: 37.5 | R29: 0.11924662 | S29: 0.17853055 | T29: -0.35401583 | U29: -0.17853055 | V29: -0.11924662 | W29: 0.35401583
B30: 2025 | C30: 10 | D30: MIA | E30: BUF | F30: 0.26774883 | G30: 273 | H30: 0.73225117 | I30: -273 | J30: 350 | K30: -455 | L30: BUF | M30: MIA | N30: 0 | O30: -8.5 | P30: -9.2184474 | Q30: 50.5 | R30: 0.31231633 | S30: 0.069657404 | T30: 0.10761982 | U30: -0.069657404 | V30: -0.31231633 | W30: -0.10761982
B31: 2025 | C31: 10 | D31: MIN | E31: BAL | F31: 0.44864183 | G31: 122 | H31: 0.55135817 | I31: -122 | J31: 190 | K31: -230 | L31: BAL | M31: BAL | N31: 1 | O31: -4.5 | P31: 0.75145619 | Q31: 48.5 | R31: -0.07083939 | S31: -0.010264242 | T31: -0.13717836 | U31: 0.010264242 | V31: 0.07083939 | W31: 0.13717836
B32: 2025 | C32: 10 | D32: NYJ | E32: CLE | F32: 0.63435392 | G32: -173 | H32: 0.36564608 | I32: 173 | J32: 110 | K32: -130 | L32: NYJ | M32: NYJ | N32: 1 | O32: -1.5 | P32: 4.8957802 | Q32: 37.5 | R32: -0.24411571 | S32: 0.043361252 | T32: 0.46754145 | U32: -0.043361252 | V32: 0.24411571 | W32: -0.46754145
B33: 2025 | C33: 10 | D33: TB | E33: NE | F33: 0.54090552 | G33: -117 | H33: 0.45909448 | I33: 117 | J33: -148 | K33: 124 | L33: TB | M33: NE | N33: 0 | O33: 2.5 | P33: 5.7404372 | Q33: 48.5 | R33: 0.067429122 | S33: -0.19361868 | T33: -0.032632189 | U33: 0.19361868 | V33: -0.067429122 | W33: 0.032632189
B34: 2025 | C34: 10 | D34: SEA | E34: ARI | F34: 0.6036118 | G34: -152 | H34: 0.3963882 | I34: 152 | J34: -340 | K34: 270 | L34: SEA | M34: SEA | N34: 1 | O34: 7 | P34: 2.2381512 | Q34: 44.5 | R34: 0.087747591 | S34: 0.22612943 | T34: 0.19157505 | U34: -0.22612943 | V34: -0.087747591 | W34: -0.19157505
B35: 2025 | C35: 10 | D35: SF | E35: LA | F35: 0.37630173 | G35: 165 | H35: 0.62369827 | I35: -165 | J35: 210 | K35: -258 | L35: LA | M35: LA | N35: 1 | O35: -5.5 | P35: -6.0450952 | Q35: 49.5 | R35: 0.12942703 | S35: -0.4141483 | T35: -0.029721847 | U35: 0.4141483 | V35: -0.12942703 | W35: 0.029721847
B36: 2025 | C36: 10 | D36: WAS | E36: DET | F36: 0.32988907 | G36: 203 | H36: 0.67011093 | I36: -203 | J36: 350 | K36: -455 | L36: DET | M36: DET | N36: 1 | O36: -8.5 | P36: -8.9053153 | Q36: 49.5 | R36: 0.21370635 | S36: -0.49142589 | T36: -0.050597828 | U36: 0.49142589 | V36: -0.21370635 | W36: 0.050597828
... B38: 2025 | C38: 10 | D38: GB | E38: PHI | F38: 0.54854361 | G38: -121 | H38: 0.45145639 | I38: 121 | J38: -110 | K38: -110 | L38: GB | M38: PHI | N38: 0 | O38: 1.5 | P38: 1.9739159 | Q38: 45.5 | R38: -0.15282585 | S38: 0.069291402 | T38: -0.03648334 | U38: -0.069291402 | V38: 0.15282585 | W38: 0.03648334

Sheet Week 11
B2: Games | C2: =COUNTA(C9:C24) -> 15
B3: Picks | C3: =SUM(L9:L24) -> 10 | D3: =C3/$C$2 -> 0.66666667
B4: ATS | C4: =SUM(T9:T24) -> 6 | D4: =C4/$C$2 -> 0.4
B5: Total | C5: =SUM(Z9:Z24) -> 7 | D5: =C5/$C$2 -> 0.46666667
F7: Game Picks (Win Prob) | M7: Pred Score (Score Model) | O7: Spread Picks (Score Model) | U7: Total Picks (Score Model) | AA7: home_epa | AD7: away_epa
B8: season | C8: week | D8: home_team | E8: away_team | F8: prob_home | G8: home_team_ml | H8: prob_away | I8: away_team_ml | J8: pred | K8: winner | L8: winner_correct? | M8: home | N8: away | O8: spread_line | P8: pred_spread | Q8: spread_pick | R8: result | S8: spread_result | T8: spread_correct? | U8: total_line | V8: pred_total | W8: total_pick | X8: total | Y8: total_result | Z8: total_correct? | AA8: EPA_O_Play | AB8: EPA_D_Play | AC8: EPA_ST_Play | AD8: EPA_O_Play | AE8: EPA_D_Play | AF8: EPA_ST_Play
B9: 2025 | C9: 11 | D9: NE | E9: NYJ | F9: 0.73413242 | G9: -276 | H9: 0.26586758 | I9: 276 | J9: NE | K9: NE | L9: 1 | M9: 25.528369 | N9: 20.22373 | O9: 12.5 | P9: 5.3046389 | Q9: away | R9: 13 | S9: home | T9: 0 | U9: 43.5 | V9: 45.7521 | W9: over | X9: 41 | Y9: under | Z9: 0 | AA9: 0.13845152 | AB9: 0.08509738 | AC9: -0.025755165 | AD9: -0.08509738 | AE9: -0.13845152 | AF9: 0.025755165
B10: 2025 | C10: 11 | D10: MIA | E10: WAS | F10: 0.52678544 | G10: -111 | H10: 0.47321456 | I10: 111 | J10: MIA | K10: MIA | L10: 1 | M10: 24.527074 | N10: 24.057862 | O10: 2.5 | P10: 0.46921203 | Q10: away | R10: 3 | S10: home | T10: 0 | U10: 47.5 | V10: 48.584937 | W10: over | X10: 29 | Y10: under | Z10: 0 | AA10: -0.0066568373 | AB10: -0.081908561 | AC10: 0.5259428 | AD10: 0.081908561 | AE10: 0.0066568373 | AF10: -0.5259428
B11: 2025 | C11: 11 | D11: ATL | E11: CAR | F11: 0.51452568 | G11: -105 | H11: 0.48547432 | I11: 105 | J11: ATL | K11: CAR | L11: 0 | M11: 22.07165 | N11: 22.122493 | O11: 4.5 | P11: -0.050843241 | Q11: away | R11: -3 | S11: away | T11: 1 | U11: 42.5 | V11: 44.194144 | W11: over | X11: 57 | Y11: over | Z11: 1 | AA11: 0.088263252 | AB11: -0.097721843 | AC11: -0.14740959 | AD11: 0.097721843 | AE11: -0.088263252 | AF11: 0.14740959
B12: 2025 | C12: 11 | D12: BUF | E12: TB | F12: 0.50773179 | G12: -103 | H12: 0.49226821 | I12: 103 | J12: BUF | K12: BUF | L12: 1 | M12: 23.286361 | N12: 23.477927 | O12: 6 | P12: -0.19156609 | Q12: away | R12: 12 | S12: home | T12: 0 | U12: 46.5 | V12: 46.764287 | W12: over | X12: 76 | Y12: over | Z12: 1 | AA12: 0.30272924 | AB12: -0.099317249 | AC12: 0.067811171 | AD12: 0.099317249 | AE12: -0.30272924 | AF12: -0.067811171
B13: 2025 | C13: 11 | D13: JAX | E13: LAC | F13: 0.36620122 | G13: 173 | H13: 0.63379878 | I13: -173 | J13: LAC | K13: JAX | L13: 0 | M13: 21.930669 | N13: 23.731812 | O13: -3 | P13: -1.8011423 | Q13: home | R13: 29 | S13: home | T13: 1 | U13: 43.5 | V13: 45.662481 | W13: over | X13: 41 | Y13: under | Z13: 0 | AA13: 0.13688974 | AB13: 0.47060466 | AC13: -0.067403096 | AD13: -0.47060466 | AE13: -0.13688974 | AF13: 0.067403096
B14: 2025 | C14: 11 | D14: MIN | E14: CHI | F14: 0.44461106 | G14: 124 | H14: 0.55538894 | I14: -124 | J14: CHI | K14: CHI | L14: 1 | M14: 24.368539 | N14: 21.663786 | O14: 3 | P14: 2.7047523 | Q14: away | R14: -2 | S14: away | T14: 1 | U14: 47.5 | V14: 46.032325 | W14: under | X14: 36 | Y14: under | Z14: 1 | AA14: -0.17616986 | AB14: 0.063100866 | AC14: 0.0032722871 | AD14: -0.063100866 | AE14: 0.17616986 | AF14: -0.0032722871
B15: 2025 | C15: 11 | D15: NYG | E15: GB | F15: 0.35652248 | G15: 180 | H15: 0.64347752 | I15: -180 | J15: GB | K15: GB | L15: 1 | M15: 21.472942 | N15: 29.823338 | O15: -7.5 | P15: -8.3503957 | Q15: away | R15: -7 | S15: home | T15: 0 | U15: 41.5 | V15: 51.29628 | W15: over | X15: 47 | Y15: over | Z15: 1 | AA15: 0.13630217 | AB15: -0.33779028 | AC15: 0.013593824 | AD15: 0.33779028 | AE15: -0.13630217 | AF15: -0.013593824
B16: 2025 | C16: 11 | D16: PIT | E16: CIN | F16: 0.48976373 | G16: 104 | H16: 0.51023627 | I16: -104 | J16: CIN | K16: PIT | L16: 0 | M16: 24.412031 | N16: 23.292815 | O16: 5.5 | P16: 1.1192158 | Q16: away | R16: 22 | S16: home | T16: 0 | U16: 48.5 | V16: 47.704846 | W16: under | X16: 46 | Y16: under | Z16: 1 | AA16: 0.18347394 | AB16: 0.17247109 | AC16: -0.06669148 | AD16: -0.17247109 | AE16: -0.18347394 | AF16: 0.06669148
B17: 2025 | C17: 11 | D17: TEN | E17: HOU | F17: 0.29616364 | G17: 237 | H17: 0.70383636 | I17: -237 | J17: HOU | K17: HOU | L17: 1 | M17: 16.862988 | N17: 25.64513 | O17: -5.5 | P17: -8.7821425 | Q17: away | R17: -3 | S17: home | T17: 0 | U17: 37.5 | V17: 42.508118 | W17: over | X17: 29 | Y17: under | Z17: 0 | AA17: -0.096223605 | AB17: 0.065306922 | AC17: 0.084802499 | AD17: -0.065306922 | AE17: 0.096223605 | AF17: -0.084802499
B18: 2025 | C18: 11 | D18: ARI | E18: SF | F18: 0.4802955 | G18: 108 | H18: 0.5197045 | I18: -108 | J18: SF | K18: SF | L18: 1 | M18: 23.546027 | N18: 23.679698 | O18: -3.5 | P18: -0.13367133 | Q18: home | R18: -19 | S18: away | T18: 0 | U18: 48.5 | V18: 47.225725 | W18: under | X18: 63 | Y18: over | Z18: 0 | AA18: -0.00067925453 | AB18: -0.21416486 | AC18: -0.41683269 | AD18: 0.21416486 | AE18: 0.00067925453 | AF18: 0.41683269
B19: 2025 | C19: 11 | D19: LA | E19: SEA | F19: 0.58877447 | G19: -143 | H19: 0.41122553 | I19: 143 | J19: LA | K19: LA | L19: 1 | M19: 26.636651 | N19: 21.599355 | O19: 3 | P19: 5.0372961 | Q19: home | R19: 2 | S19: away | T19: 0 | U19: 49.5 | V19: 48.236005 | W19: under | X19: 40 | Y19: under | Z19: 1 | AA19: -0.1940106 | AB19: 0.189935 | AC19: -0.17548372 | AD19: -0.189935 | AE19: 0.1940106 | AF19: 0.17548372
B20: 2025 | C20: 11 | D20: CLE | E20: BAL | F20: 0.28322852 | G20: 253 | H20: 0.71677148 | I20: -253 | J20: BAL | K20: BAL | L20: 1 | M20: 17.436789 | N20: 24.534227 | O20: -7.5 | P20: -7.0974381 | Q20: home | R20: -7 | S20: home | T20: 1 | U20: 37.5 | V20: 41.971016 | W20: over | X20: 39 | Y20: over | Z20: 1 | AA20: -0.43516581 | AB20: 0.11659462 | AC20: 0.23310184 | AD20: -0.11659462 | AE20: 0.43516581 | AF20: -0.23310184
... B23: 2025 | C23: 11 | D23: LV | E23: DAL | F23: 0.33113716 | G23: 201 | H23: 0.66886284 | I23: -201 | J23: DAL | K23: DAL | L23: 1 | M23: 20.948298 | N23: 24.516146 | O23: -3.5 | P23: -3.5678478 | Q23: away | R23: -17 | S23: away | T23: 1 | U23: 48.5 | V23: 45.464445 | W23: under | X23: 49 | Y23: over | Z23: 0 | AA23: -0.1985623 | AB23: -0.16860405 | AC23: -0.10609831 | AD23: 0.16860405 | AE23: 0.1985623 | AF23: 0.10609831

Sheet Week 12
B2: Games | C2: =COUNTA(C9:C22) -> 14
B3: Picks | C3: =SUM(N9:N22) -> 10 | D3: =C3/$C$2 -> 0.71428571
B4: ATS | C4: =SUM(V9:V22) -> 8 | D4: =C4/$C$2 -> 0.57142857
B5: Total | C5: =SUM(AB9:AB22) -> 7 | D5: =C5/$C$2 -> 0.5
H7: Game Picks (Win Prob) | O7: Pred Score (Score Model) | Q7: Spread Picks (Score Model) | W7: Total Picks (Score Model) | AC7: home_epa | AF7: away_epa
B8: season | C8: week | D8: home_team | E8: away_team | F8: home_score | G8: away_score | H8: prob_home | I8: home_team_ml | J8: prob_away | K8: away_team_ml | L8: pred | M8: winner | N8: winner_correct? | O8: home | P8: away | Q8: spread_line | R8: pred_spread | S8: spread_pick | T8: result | U8: spread_result | V8: spread_correct? | W8: total_line | X8: pred_total | Y8: total_pick | Z8: total | AA8: total_result | AB8: total_correct? | AC8: EPA_O_Play | AD8: EPA_D_Play | AE8: EPA_ST_Play | AF8: EPA_O_Play | AG8: EPA_D_Play | AH8: EPA_ST_Play
B9: 2025 | C9: 12 | D9: HOU | E9: BUF | F9: 23 | G9: 19 | H9: 0.41641097 | I9: +140 | J9: 0.58358903 | K9: -140 | L9: BUF | M9: HOU | N9: 0 | O9: 22.310796 | P9: 26.77923 | Q9: -5.5 | R9: -4.4684347 | S9: home | T9: 4 | U9: home | V9: 1 | W9: 43.5 | X9: 49.090026 | Y9: over | Z9: 42 | AA9: under | AB9: 0 | AC9: -0.077266307 | AD9: 0.16421366 | AE9: -0.092399334 | AF9: -0.16421366 | AG9: 0.077266307 | AH9: 0.092399334
B10: 2025 | C10: 12 | D10: BAL | E10: NYJ | F10: 23 | G10: 10 | H10: 0.68542228 | I10: -217 | J10: 0.31457772 | K10: +217 | L10: BAL | M10: BAL | N10: 1 | O10: 25.833018 | P10: 17.239148 | Q10: 14 | R10: 8.5938705 | S10: away | T10: 13 | U10: away | V10: 1 | W10: 44.5 | X10: 43.072166 | Y10: under | Z10: 33 | AA10: under | AB10: 1 | AC10: 0.055789142 | AD10: 0.1999663 | AE10: -0.017604619 | AF10: -0.1999663 | AG10: -0.055789142 | AH10: 0.017604619
B11: 2025 | C11: 12 | D11: CHI | E11: PIT | F11: 31 | G11: 28 | H11: 0.57957288 | I11: -137 | J11: 0.42042712 | K11: +137 | L11: CHI | M11: CHI | N11: 1 | O11: 25.384505 | P11: 23.313587 | Q11: 3 | R11: 2.0709178 | S11: away | T11: 3 | U11: away | V11: 1 | W11: 46.5 | X11: 48.698092 | Y11: over | Z11: 59 | AA11: over | AB11: 1 | AC11: 0.011751022 | AD11: -0.048218843 | AE11: 0.12702806 | AF11: 0.048218843 | AG11: -0.011751022 | AH11: -0.12702806
B12: 2025 | C12: 12 | D12: CIN | E12: NE | F12: 20 | G12: 26 | H12: 0.35067814 | I12: +185 | J12: 0.64932186 | K12: -185 | L12: NE | M12: NE | N12: 1 | O12: 23.468714 | P12: 26.734601 | Q12: -7.5 | R12: -3.2658869 | S12: home | T12: -6 | U12: home | V12: 1 | W12: 50.5 | X12: 50.203315 | Y12: under | Z12: 46 | AA12: under | AB12: 1 | AC12: -0.17502532 | AD12: -0.022934188 | AE12: 0.019687261 | AF12: 0.022934188 | AG12: 0.17502532 | AH12: -0.019687261
B13: 2025 | C13: 12 | D13: DET | E13: NYG | F13: 34 | G13: 27 | H13: 0.70151946 | I13: -235 | J13: 0.29848054 | K13: +235 | L13: DET | M13: DET | N13: 1 | O13: 29.019062 | P13: 20.794064 | Q13: 14 | R13: 8.2249977 | S13: away | T13: 7 | U13: away | V13: 1 | W13: 50.5 | X13: 49.813127 | Y13: under | Z13: 61 | AA13: over | AB13: 0 | AC13: 0.15461845 | AD13: -0.14523478 | AE13: 0.13269214 | AF13: 0.14523478 | AG13: -0.15461845 | AH13: -0.13269214
B14: 2025 | C14: 12 | D14: GB | E14: MIN | F14: 23 | G14: 6 | H14: 0.67902861 | I14: -211 | J14: 0.32097139 | K14: +211 | L14: GB | M14: GB | N14: 1 | O14: 23.214139 | P14: 20.322641 | Q14: 6.5 | R14: 2.8914973 | S14: away | T14: 17 | U14: home | V14: 0 | W14: 41.5 | X14: 43.53678 | Y14: over | Z14: 29 | AA14: under | AB14: 0 | AC14: 0.055030324 | AD14: 0.42938007 | AE14: 0.049084961 | AF14: -0.42938007 | AG14: -0.055030324 | AH14: -0.049084961
B15: 2025 | C15: 12 | D15: KC | E15: IND | F15: 23 | G15: 20 | H15: 0.48672609 | I15: +105 | J15: 0.51327391 | K15: -105 | L15: IND | M15: KC | N15: 0 | O15: 23.394954 | P15: 25.226613 | Q15: 3.5 | R15: -1.8316586 | S15: away | T15: 3 | U15: away | V15: 1 | W15: 50.5 | X15: 48.621566 | Y15: under | Z15: 43 | AA15: under | AB15: 1 | AC15: 0.020509374 | AD15: 0.018942168 | AE15: -0.12783007 | AF15: -0.018942168 | AG15: -0.020509374 | AH15: 0.12783007
B16: 2025 | C16: 12 | D16: TEN | E16: SEA | F16: 24 | G16: 30 | H16: 0.23620152 | I16: +323 | J16: 0.76379848 | K16: -323 | L16: SEA | M16: SEA | N16: 1 | O16: 17.810645 | P16: 26.003828 | Q16: -12.5 | R16: -8.1931823 | S16: home | T16: -6 | U16: home | V16: 1 | W16: 41.5 | X16: 43.814473 | Y16: over | Z16: 54 | AA16: over | AB16: 1 | AC16: -0.0096211052 | AD16: -0.27772254 | AE16: 0.03311822 | AF16: 0.27772254 | AG16: 0.0096211052 | AH16: -0.03311822
B17: 2025 | C17: 12 | D17: ARI | E17: JAX | F17: 24 | G17: 27 | H17: 0.46416166 | I17: +115 | J17: 0.53583834 | K17: -115 | L17: JAX | M17: JAX | N17: 1 | O17: 22.314164 | P17: 23.35 | Q17: -2.5 | R17: -1.0358368 | S17: home | T17: -3 | U17: away | V17: 0 | W17: 47.5 | X17: 45.664164 | Y17: under | Z17: 51 | AA17: over | AB17: 0 | AC17: -0.13217131 | AD17: 0.17871148 | AE17: -0.23651325 | AF17: -0.17871148 | AG17: 0.13217131 | AH17: 0.23651325
B18: 2025 | C18: 12 | D18: LV | E18: CLE | F18: 10 | G18: 24 | H18: 0.51782158 | I18: -107 | J18: 0.48217842 | K18: +107 | L18: LV | M18: CLE | N18: 0 | O18: 20.171215 | P18: 16.879107 | Q18: 3 | R18: 3.2921078 | S18: home | T18: -14 | U18: away | V18: 0 | W18: 35.5 | X18: 37.050322 | Y18: over | Z18: 34 | AA18: under | AB18: 0 | AC18: -0.33489239 | AD18: 0.22228737 | AE18: -0.09006681 | AF18: -0.22228737 | AG18: 0.33489239 | AH18: 0.09006681
B19: 2025 | C19: 12 | D19: DAL | E19: PHI | F19: 24 | G19: 21 | H19: 0.47087485 | I19: +112 | J19: 0.52912515 | K19: -112 | L19: PHI | M19: DAL | N19: 0 | O19: 22.441663 | P19: 25.696632 | Q19: -3 | R19: -3.254969 | S19: away | T19: 3 | U19: home | V19: 0 | W19: 47.5 | X19: 48.138294 | Y19: over | Z19: 45 | AA19: under | AB19: 0 | AC19: -0.024016536 | AD19: -0.0031687721 | AE19: 0.25749626 | AF19: 0.0031687721 | AG19: 0.024016536 | AH19: -0.25749626
B20: 2025 | C20: 12 | D20: NO | E20: ATL | F20: 10 | G20: 24 | H20: 0.33749899 | I20: +196 | J20: 0.66250101 | K20: -196 | L20: ATL | M20: ATL | N20: 1 | O20: 17.70399 | P20: 22.578308 | Q20: 1.5 | R20: -4.8743184 | S20: away | T20: -14 | U20: away | V20: 1 | W20: 41.5 | X20: 40.282298 | Y20: under | Z20: 34 | AA20: under | AB20: 1 | AC20: -0.23330636 | AD20: 0.13419797 | AE20: -0.33283915 | AF20: -0.13419797 | AG20: 0.23330636 | AH20: 0.33283915
B21: 2025 | C21: 12 | D21: LA | E21: TB | F21: 34 | G21: 7 | H21: 0.60571599 | I21: -153 | J21: 0.39428401 | K21: +153 | L21: LA | M21: LA | N21: 1 | O21: 24.899717 | P21: 21.52489 | Q21: 7 | R21: 3.3748265 | S21: away | T21: 27 | U21: home | V21: 0 | W21: 49.5 | X21: 46.424607 | Y21: under | Z21: 41 | AA21: under | AB21: 1 | AC21: 0.076005033 | AD21: 0.39518528 | AE21: 0.05407331 | AF21: -0.39518528 | AG21: -0.076005033 | AH21: -0.05407331
B22: 2025 | C22: 12 | D22: SF | E22: CAR | F22: 20 | G22: 9 | H22: 0.66176739 | I22: -195 | J22: 0.33823261 | K22: +195 | L22: SF | M22: SF | N22: 1 | O22: 29.439876 | P22: 23.536853 | Q22: 7.5 | R22: 5.9030228 | S22: away | T22: 11 | U22: home | V22: 0 | W22: 48.5 | X22: 52.976729 | Y22: over | Z22: 29 | AA22: under | AB22: 0 | AC22: -0.0013478714 | AD22: 0.21901258 | AE22: 0.20380351 | AF22: -0.21901258 | AG22: 0.0013478714 | AH22: -0.20380351

Sheet Week 13
B2: Games | C2: =COUNTA($C$9:$C$24) -> 16
B3: Picks | C3: =SUM(N9:$N$24) -> 10 | D3: =C3/$C$2 -> 0.625
B4: ATS | C4: =SUM(V9:$V$24) -> 10 | D4: =C4/$C$2 -> 0.625
B5: Total | C5: =SUM(AB9:$AB$24) -> 8 | D5: =C5/$C$2 -> 0.5
H7: Game Picks (Win Prob) | O7: Pred Score (Score Model) | Q7: Spread Picks (Score Model) | W7: Total Picks (Score Model) | AC7: home_epa | AF7: away_epa
B8: season | C8: week | D8: home_team | E8: away_team | F8: home_score | G8: away_score | H8: prob_home | I8: home_team_ml | J8: prob_away | K8: away_team_ml | L8: pred | M8: winner | N8: winner_correct? | O8: home | P8: away | Q8: spread_line | R8: pred_spread | S8: spread_pick | T8: result | U8: spread_result | V8: spread_correct? | W8: total_line | X8: pred_total | Y8: total_pick | Z8: total | AA8: total_result | AB8: total_correct? | AC8: EPA_O_Play | AD8: EPA_D_Play | AE8: EPA_ST_Play | AF8: EPA_O_Play | AG8: EPA_D_Play | AH8: EPA_ST_Play
B9: 2025 | C9: 13 | D9: DET | E9: GB | F9: 24 | G9: 31 | H9: 0.48253295 | I9: +107 | J9: 0.51746705 | K9: -107 | L9: GB | M9: GB | N9: 1 | O9: 25.529234 | P9: 25.607126 | Q9: 2.5 | R9: -0.077892432 | S9: away | T9: -7 | U9: away | V9: 1 | W9: 48.5 | X9: 51.13636 | Y9: over | Z9: 55 | AA9: over | AB9: 1 | AC9: 0.048194106 | AD9: -0.31817717 | AE9: 0.052845548 | AF9: 0.31817717 | AG9: -0.048194106 | AH9: -0.052845548
B10: 2025 | C10: 13 | D10: DAL | E10: KC | F10: 31 | G10: 28 | H10: 0.46143532 | I10: +116 | J10: 0.53856468 | K10: -116 | L10: KC | M10: DAL | N10: 0 | O10: 23.335192 | P10: 27.117306 | Q10: -3.5 | R10: -3.7821139 | S10: away | T10: 3 | U10: home | V10: 0 | W10: 53.5 | X10: 50.452497 | Y10: under | Z10: 59 | AA10: over | AB10: 0 | AC10: 0.27415718 | AD10: -0.17532253 | AE10: -0.0073952505 | AF10: 0.17532253 | AG10: -0.27415718 | AH10: 0.0073952505
B11: 2025 | C11: 13 | D11: BAL | E11: CIN | F11: 14 | G11: 32 | H11: 0.6362911 | I11: -174 | J11: 0.3637089 | K11: +174 | L11: BAL | M11: CIN | N11: 0 | O11: 25.279016 | P11: 20.504198 | Q11: 7 | R11: 4.774818 | S11: away | T11: -18 | U11: away | V11: 1 | W11: 52.5 | X11: 45.783215 | Y11: under | Z11: 46 | AA11: under | AB11: 1 | AC11: -0.33492179 | AD11: -0.019006772 | AE11: -0.16997031 | AF11: 0.019006772 | AG11: 0.33492179 | AH11: 0.16997031
B12: 2025 | C12: 13 | D12: PHI | E12: CHI | F12: 15 | G12: 24 | H12: 0.56753267 | I12: -131 | J12: 0.43246733 | K12: +131 | L12: PHI | M12: CHI | N12: 0 | O12: 24.962502 | P12: 18.993511 | Q12: 7 | R12: 5.9689908 | S12: away | T12: -9 | U12: away | V12: 1 | W12: 43.5 | X12: 43.956013 | Y12: over | Z12: 39 | AA12: under | AB12: 0 | AC12: -0.038964977 | AD12: -0.042160286 | AE12: -0.17308134 | AF12: 0.042160286 | AG12: 0.038964977 | AH12: 0.17308134
B13: 2025 | C13: 13 | D13: CAR | E13: LA | F13: 31 | G13: 28 | H13: 0.28542976 | I13: +250 | J13: 0.71457024 | K13: -250 | L13: LA | M13: CAR | N13: 0 | O13: 21.008246 | P13: 27.144542 | Q13: -10 | R13: -6.1362957 | S13: home | T13: 3 | U13: home | V13: 1 | W13: 44.5 | X13: 48.152788 | Y13: over | Z13: 59 | AA13: over | AB13: 1 | AC13: 0.19092291 | AD13: -0.14862052 | AE13: -0.12567352 | AF13: 0.14862052 | AG13: -0.19092291 | AH13: 0.12567352
B14: 2025 | C14: 13 | D14: CLE | E14: SF | F14: 8 | G14: 26 | H14: 0.29341197 | I14: +240 | J14: 0.70658803 | K14: -240 | L14: SF | M14: SF | N14: 1 | O14: 19.126577 | P14: 24.024826 | Q14: -5.5 | R14: -4.8982491 | S14: home | T14: -18 | U14: away | V14: 0 | W14: 35.5 | X14: 43.151403 | Y14: over | Z14: 34 | AA14: under | AB14: 0 | AC14: -0.23705799 | AD14: -0.025767024 | AE14: -0.4000305 | AF14: 0.025767024 | AG14: 0.23705799 | AH14: 0.4000305
B15: 2025 | C15: 13 | D15: IND | E15: HOU | F15: 16 | G15: 20 | H15: 0.640658 | I15: -178 | J15: 0.359342 | K15: +178 | L15: IND | M15: HOU | N15: 0 | O15: 26.080701 | P15: 21.401255 | Q15: 3 | R15: 4.6794463 | S15: home | T15: -4 | U15: away | V15: 0 | W15: 44.5 | X15: 47.481956 | Y15: over | Z15: 36 | AA15: under | AB15: 0 | AC15: -0.034005245 | AD15: -0.030582845 | AE15: -0.13908773 | AF15: 0.030582845 | AG15: 0.034005245 | AH15: 0.13908773
B16: 2025 | C16: 13 | D16: MIA | E16: NO | F16: 21 | G16: 17 | H16: 0.71553633 | I16: -251 | J16: 0.28446367 | K16: +251 | L16: MIA | M16: MIA | N16: 1 | O16: 26.918814 | P16: 17.904846 | Q16: 5.5 | R16: 9.0139675 | S16: home | T16: 4 | U16: away | V16: 0 | W16: 41.5 | X16: 44.82366 | Y16: over | Z16: 38 | AA16: under | AB16: 0 | AC16: -0.13490427 | AD16: 0.14688459 | AE16: 0.01837379 | AF16: -0.14688459 | AG16: 0.13490427 | AH16: -0.01837379
B17: 2025 | C17: 13 | D17: NYJ | E17: ATL | F17: 27 | G17: 24 | H17: 0.46351677 | I17: +115 | J17: 0.53648323 | K17: -115 | L17: ATL | M17: NYJ | N17: 0 | O17: 24.5201 | P17: 24.577626 | Q17: -3 | R17: -0.057525987 | S17: home | T17: 3 | U17: home | V17: 1 | W17: 38.5 | X17: 49.097726 | Y17: over | Z17: 51 | AA17: over | AB17: 1 | AC17: 0.023049905 | AD17: -0.18087268 | AE17: 0.46029137 | AF17: 0.18087268 | AG17: -0.023049905 | AH17: -0.46029137
B18: 2025 | C18: 13 | D18: TB | E18: ARI | F18: 20 | G18: 17 | H18: 0.54317327 | I18: -118 | J18: 0.45682673 | K18: +118 | L18: TB | M18: TB | N18: 1 | O18: 22.252294 | P18: 19.46532 | Q18: 4.5 | R18: 2.7869738 | S18: away | T18: 3 | U18: away | V18: 1 | W18: 44.5 | X18: 41.717615 | Y18: under | Z18: 37 | AA18: under | AB18: 1 | AC18: -0.029960443 | AD18: 0.026304464 | AE18: 0.35829971 | AF18: -0.026304464 | AG18: 0.029960443 | AH18: -0.35829971
B19: 2025 | C19: 13 | D19: TEN | E19: JAX | F19: 3 | G19: 25 | H19: 0.31470374 | I19: +217 | J19: 0.68529626 | K19: -217 | L19: JAX | M19: JAX | N19: 1 | O19: 19.256245 | P19: 24.747671 | Q19: -6 | R19: -5.491425 | S19: home | T19: -22 | U19: away | V19: 0 | W19: 42.5 | X19: 44.003916 | Y19: over | Z19: 28 | AA19: under | AB19: 0 | AC19: -0.37743313 | AD19: -0.0099263052 | AE19: -0.081854213 | AF19: 0.0099263052 | AG19: 0.37743313 | AH19: 0.081854213
B20: 2025 | C20: 13 | D20: SEA | E20: MIN | F20: 26 | G20: 0 | H20: 0.76149653 | I20: -319 | J20: 0.23850347 | K20: +319 | L20: SEA | M20: SEA | N20: 1 | O20: 26.627775 | P20: 17.542469 | Q20: 12.5 | R20: 9.0853062 | S20: away | T20: 26 | U20: home | V20: 0 | W20: 42.5 | X20: 44.170244 | Y20: over | Z20: 26 | AA20: under | AB20: 0 | AC20: -0.13779168 | AD20: 0.66418457 | AE20: 0.1870499 | AF20: -0.66418457 | AG20: 0.13779168 | AH20: -0.1870499
... B24: 2025 | C24: 13 | D24: NE | E24: NYG | F24: 33 | G24: 15 | H24: 0.6888768 | I24: -221 | J24: 0.3111232 | K24: +221 | L24: NE | M24: NE | N24: 1 | O24: 29.212795 | P24: 20.605659 | Q24: 7 | R24: 8.6071356 | S24: home | T24: 18 | U24: home | V24: 1 | W24: 46.5 | X24: 49.818454 | Y24: over | Z24: 48 | AA24: over | AB24: 1 | AC24: 0.15040765 | AD24: 0.097416505 | AE24: 0.19194485 | AF24: -0.097416505 | AG24: -0.15040765 | AH24: -0.19194485

Sheet Week 14
B2: Games | C2: =COUNTA($C$9:$C$22) -> 14
B3: Picks | C3: =SUM(N9:$N$22) -> 8 | D3: =C3/$C$2 -> 0.57142857
B4: ATS | C4: =SUM(V9:$V$22) -> 8 | D4: =C4/$C$2 -> 0.57142857
B5: Total | C5: =SUM(AB9:$AB$22) -> 4 | D5: =C5/$C$2 -> 0.28571429
H7: Game Picks (Win Prob) | O7: Pred Score (Score Model) | Q7: Spread Picks (Score Model) | W7: Total Picks (Score Model) | AC7: home_epa | AF7: away_epa
B8: season | C8: week | D8: home_team | E8: away_team | F8: home_score | G8: away_score | H8: prob_home | I8: home_team_ml | J8: prob_away | K8: away_team_ml | L8: pred | M8: winner | N8: winner_correct? | O8: home | P8: away | Q8: spread_line | R8: pred_spread | S8: spread_pick | T8: result | U8: spread_result | V8: spread_correct? | W8: total_line | X8: pred_total | Y8: total_pick | Z8: total | AA8: total_result | AB8: total_correct? | AC8: EPA_O_Play | AD8: EPA_D_Play | AE8: EPA_ST_Play | AF8: EPA_O_Play | AG8: EPA_D_Play | AH8: EPA_ST_Play
B9: 2025 | C9: 14 | D9: DET | E9: DAL | F9: 44 | G9: 30 | H9: 0.51872587 | I9: -107 | J9: 0.48127413 | K9: +107 | L9: DET | M9: DET | N9: 1 | O9: 26.082421 | P9: 23.232126 | Q9: 3.5 | R9: 2.8502953 | S9: away | T9: 14 | U9: home | V9: 0 | W9: 55.5 | X9: 49.314547 | Y9: under | Z9: 74 | AA9: over | AB9: 0 | AC9: 0.26413396 | AD9: 0.067213212 | AE9: -0.22207884 | AF9: -0.067213212 | AG9: -0.26413396 | AH9: 0.22207884
B10: 2025 | C10: 14 | D10: ATL | E10: SEA | F10: 9 | G10: 37 | H10: 0.414989 | I10: +140 | J10: 0.585011 | K10: -140 | L10: SEA | M10: SEA | N10: 1 | O10: 21.281556 | P10: 22.920688 | Q10: -7 | R10: -1.6391315 | S10: home | T10: -28 | U10: away | V10: 0 | W10: 44.5 | X10: 44.202244 | Y10: under | Z10: 46 | AA10: over | AB10: 0 | AC10: -0.29738218 | AD10: -0.11889176 | AE10: -0.25661842 | AF10: 0.11889176 | AG10: 0.29738218 | AH10: 0.25661842
B11: 2025 | C11: 14 | D11: BAL | E11: PIT | F11: 22 | G11: 27 | H11: 0.56606634 | I11: -130 | J11: 0.43393366 | K11: +130 | L11: BAL | M11: PIT | N11: 0 | O11: 20.586488 | P11: 17.640015 | Q11: 5.5 | R11: 2.9464729 | S11: away | T11: -5 | U11: away | V11: 1 | W11: 43.5 | X11: 38.226504 | Y11: under | Z11: 49 | AA11: over | AB11: 0 | AC11: 0.024042958 | AD11: -0.24276743 | AE11: 0.041653893 | AF11: 0.24276743 | AG11: -0.024042958 | AH11: -0.041653893
B12: 2025 | C12: 14 | D12: BUF | E12: CIN | F12: 39 | G12: 34 | H12: 0.6434473 | I12: -180 | J12: 0.3565527 | K12: +180 | L12: BUF | M12: BUF | N12: 1 | O12: 25.815159 | P12: 22.745751 | Q12: 6 | R12: 3.0694075 | S12: away | T12: 5 | U12: away | V12: 1 | W12: 54.5 | X12: 48.56091 | Y12: under | Z12: 73 | AA12: over | AB12: 0 | AC12: 0.26668304 | AD12: -0.1879737 | AE12: -0.019132119 | AF12: 0.1879737 | AG12: -0.26668304 | AH12: 0.019132119
B13: 2025 | C13: 14 | D13: CLE | E13: TEN | F13: 29 | G13: 31 | H13: 0.61064356 | I13: -156 | J13: 0.38935644 | K13: +156 | L13: CLE | M13: TEN | N13: 0 | O13: 21.745571 | P13: 19.382765 | Q13: 4.5 | R13: 2.3628067 | S13: away | T13: -2 | U13: away | V13: 1 | W13: 33.5 | X13: 41.128336 | Y13: over | Z13: 60 | AA13: over | AB13: 1 | AC13: -0.028067429 | AD13: 0.10117867 | AE13: -0.27779841 | AF13: -0.10117867 | AG13: 0.028067429 | AH13: 0.27779841
B14: 2025 | C14: 14 | D14: JAX | E14: IND | F14: 36 | G14: 19 | H14: 0.44249 | I14: +125 | J14: 0.55751 | K14: -125 | L14: IND | M14: JAX | N14: 0 | O14: 23.558139 | P14: 22.157251 | Q14: -2.5 | R14: 1.400888 | S14: home | T14: 17 | U14: home | V14: 1 | W14: 44.5 | X14: 45.71539 | Y14: over | Z14: 55 | AA14: over | AB14: 1 | AC14: 0.069307523 | AD14: 0.14068777 | AE14: 0.12562191 | AF14: -0.14068777 | AG14: -0.069307523 | AH14: -0.12562191
B15: 2025 | C15: 14 | D15: MIN | E15: WAS | F15: 31 | G15: 0 | H15: 0.38445518 | I15: +160 | J15: 0.61554482 | K15: -160 | L15: WAS | M15: MIN | N15: 0 | O15: 20.682522 | P15: 22.823016 | Q15: -1.5 | R15: -2.1404946 | S15: away | T15: 31 | U15: home | V15: 0 | W15: 43.5 | X15: 43.505538 | Y15: over | Z15: 31 | AA15: under | AB15: 0 | AC15: 0.30457706 | AD15: 0.37201724 | AE15: 0.2078227 | AF15: -0.37201724 | AG15: -0.30457706 | AH15: -0.2078227
B16: 2025 | C16: 14 | D16: NYJ | E16: MIA | F16: 10 | G16: 34 | H16: 0.47827312 | I16: +109 | J16: 0.52172688 | K16: -109 | L16: MIA | M16: MIA | N16: 1 | O16: 23.313642 | P16: 23.381744 | Q16: -2.5 | R16: -0.068102406 | S16: home | T16: -24 | U16: away | V16: 0 | W16: 41.5 | X16: 46.695387 | Y16: over | Z16: 44 | AA16: over | AB16: 1 | AC16: -0.40068051 | AD16: -0.21568928 | AE16: 0.16751028 | AF16: 0.21568928 | AG16: 0.40068051 | AH16: -0.16751028
B17: 2025 | C17: 14 | D17: TB | E17: NO | F17: 20 | G17: 24 | H17: 0.65998998 | I17: -194 | J17: 0.34001002 | K17: +194 | L17: TB | M17: NO | N17: 0 | O17: 24.018093 | P17: 17.234153 | Q17: 7.5 | R17: 6.7839407 | S17: away | T17: -4 | U17: away | V17: 1 | W17: 41.5 | X17: 41.252246 | Y17: under | Z17: 44 | AA17: over | AB17: 0 | AC17: -0.14934491 | AD17: -0.0011082675 | AE17: 0.086620735 | AF17: 0.0011082675 | AG17: 0.14934491 | AH17: -0.086620735
B18: 2025 | C18: 14 | D18: LV | E18: DEN | F18: 17 | G18: 24 | H18: 0.23660098 | I18: +322 | J18: 0.76339902 | K18: -322 | L18: DEN | M18: DEN | N18: 1 | O18: 13.824416 | P18: 25.898954 | Q18: -8.5 | R18: -12.074538 | S18: away | T18: -7 | U18: home | V18: 0 | W18: 40.5 | X18: 39.723371 | Y18: under | Z18: 41 | AA18: over | AB18: 0 | AC18: 0.012383776 | AD18: -0.14558328 | AE18: -0.052487238 | AF18: 0.14558328 | AG18: -0.012383776 | AH18: 0.052487238
B19: 2025 | C19: 14 | D19: ARI | E19: LA | F19: 17 | G19: 45 | H19: 0.25430712 | I19: +293 | J19: 0.74569288 | K19: -293 | L19: LA | M19: LA | N19: 1 | O19: 16.828829 | P19: 26.522483 | Q19: -9.5 | R19: -9.6936537 | S19: away | T19: -28 | U19: away | V19: 1 | W19: 49.5 | X19: 43.351312 | Y19: under | Z19: 62 | AA19: over | AB19: 0 | AC19: -0.078832573 | AD19: -0.4354662 | AE19: -0.027752738 | AF19: 0.4354662 | AG19: 0.078832573 | AH19: 0.027752738
B20: 2025 | C20: 14 | D20: GB | E20: CHI | F20: 28 | G20: 21 | H20: 0.61412239 | I20: -159 | J20: 0.38587761 | K20: +159 | L20: GB | M20: GB | N20: 1 | O20: 24.65105 | P20: 21.084813 | Q20: 6.5 | R20: 3.5662374 | S20: away | T20: 7 | U20: home | V20: 0 | W20: 44.5 | X20: 45.735863 | Y20: over | Z20: 49 | AA20: over | AB20: 1 | AC20: 0.20429644 | AD20: -0.072044269 | AE20: -0.039545507 | AF20: 0.072044269 | AG20: -0.20429644 | AH20: 0.039545507
... B22: 2025 | C22: 14 | D22: LAC | E22: PHI | F22: 22 | G22: 19 | H22: 0.52226003 | I22: -109 | J22: 0.47773997 | K22: +109 | L22: LAC | M22: LAC | N22: 1 | O22: 23.72794 | P22: 21.418776 | Q22: -1.5 | R22: 2.3091634 | S22: home | T22: 3 | U22: home | V22: 1 | W22: 41.5 | X22: 45.146716 | Y22: over | Z22: 41 | AA22: under | AB22: 0 | AC22: -0.24720269 | AD22: 0.27643983 | AE22: 0.0068867347 | AF22: -0.27643983 | AG22: 0.24720269 | AH22: -0.0068867347

Sheet Week 15
B2: Games | C2: =COUNTA($C$9:$C$24) -> 16
B3: Picks | C3: =SUM(N9:$N$24) -> 8 | D3: =C3/$C$2 -> 0.5
B4: ATS | C4: =SUM(V9:$V$24) -> 8 | D4: =C4/$C$2 -> 0.5
B5: Totals | C5: =SUM(AB9:$AB$24) -> 6 | D5: =C5/$C$2 -> 0.375
H7: Game Picks (Win Prob) | O7: Pred Score (Score Model) | Q7: Spread Picks (Score Model) | W7: Total Picks (Score Model) | AC7: home_epa | AF7: away_epa
B8: season | C8: week | D8: home_team | E8: away_team | F8: home_score | G8: away_score | H8: prob_home | I8: home_team_ml | J8: prob_away | K8: away_team_ml | L8: pred | M8: winner | N8: winner_correct? | O8: home | P8: away | Q8: spread_line | R8: pred_spread | S8: spread_pick | T8: result | U8: spread_result | V8: spread_correct? | W8: total_line | X8: pred_total | Y8: total_pick | Z8: total | AA8: total_result | AB8: total_correct? | AC8: EPA_O_Play | AD8: EPA_D_Play | AE8: EPA_ST_Play | AF8: EPA_O_Play | AG8: EPA_D_Play | AH8: EPA_ST_Play
B9: 2025 | C9: 15 | D9: TB | E9: ATL | F9: 28 | G9: 29 | H9: 0.55311108 | I9: -123 | J9: 0.44688892 | K9: 123 | L9: TB | M9: ATL | N9: 0 | O9: 23.437048 | P9: 20.275458 | Q9: 4.5 | R9: 3.1615899 | S9: away | T9: -1 | U9: away | V9: 1 | W9: 43.5 | X9: 43.712507 | Y9: over | Z9: 57 | AA9: over | AB9: 1 | AC9: 0.13177332 | AD9: -0.21933153 | AE9: 0.11146447 | AF9: 0.21933153 | AG9: -0.13177332 | AH9: -0.11146447
B10: 2025 | C10: 15 | D10: CHI | E10: CLE | F10: 31 | G10: 3 | H10: 0.7379495 | I10: -281 | J10: 0.2620505 | K10: 281 | L10: CHI | M10: CHI | N10: 1 | O10: 26.281884 | P10: 16.895162 | Q10: 7.5 | R10: 9.3867215 | S10: home | T10: 28 | U10: home | V10: 1 | W10: 39.5 | X10: 43.177046 | Y10: over | Z10: 34 | AA10: under | AB10: 0 | AC10: 0.05567931 | AD10: 0.46604477 | AE10: 0.038387454 | AF10: -0.46604477 | AG10: -0.05567931 | AH10: -0.038387454
B11: 2025 | C11: 15 | D11: CIN | E11: BAL | F11: 0 | G11: 24 | H11: 0.4985454 | I11: 100 | J11: 0.5014546 | K11: -100 | L11: BAL | M11: BAL | N11: 1 | O11: 19.543828 | P11: 25.629979 | Q11: -2.5 | R11: -6.0861506 | S11: away | T11: -24 | U11: away | V11: 1 | W11: 52.5 | X11: 45.173807 | Y11: under | Z11: 24 | AA11: under | AB11: 1 | AC11: -0.31780489 | AD11: -0.2000762 | AE11: -0.0511815 | AF11: 0.2000762 | AG11: 0.31780489 | AH11: 0.0511815
B12: 2025 | C12: 15 | D12: HOU | E12: ARI | F12: 40 | G12: 20 | H12: 0.67599156 | I12: -208 | J12: 0.32400844 | K12: 208 | L12: HOU | M12: HOU | N12: 1 | O12: 25.86818 | P12: 16.553566 | Q12: 9.5 | R12: 9.3146149 | S12: away | T12: 20 | U12: home | V12: 0 | W12: 42.5 | X12: 42.421746 | Y12: under | Z12: 60 | AA12: over | AB12: 0 | AC12: 0.22322595 | AD12: -0.051856294 | AE12: 0.43710761 | AF12: 0.051856294 | AG12: -0.22322595 | AH12: -0.43710761
B13: 2025 | C13: 15 | D13: JAX | E13: NYJ | F13: 48 | G13: 20 | H13: 0.72977689 | I13: -270 | J13: 0.27022311 | K13: 270 | L13: JAX | M13: JAX | N13: 1 | O13: 26.285731 | P13: 16.475169 | Q13: 13.5 | R13: 9.8105616 | S13: away | T13: 28 | U13: home | V13: 0 | W13: 41.5 | X13: 42.7609 | Y13: over | Z13: 68 | AA13: over | AB13: 1 | AC13: 0.31214617 | AD13: 0.15684513 | AE13: 0.0085648219 | AF13: -0.15684513 | AG13: -0.31214617 | AH13: -0.0085648219
B14: 2025 | C14: 15 | D14: KC | E14: LAC | F14: 13 | G14: 16 | H14: 0.5138655 | I14: -105 | J14: 0.4861345 | K14: 105 | L14: KC | M14: LAC | N14: 0 | O14: 21.747223 | P14: 25.169306 | Q14: 4.5 | R14: -3.4220829 | S14: away | T14: -3 | U14: away | V14: 1 | W14: 41.5 | X14: 46.91653 | Y14: over | Z14: 29 | AA14: under | AB14: 0 | AC14: -0.11339854 | AD14: 0.010000168 | AE14: 0.047639032 | AF14: -0.010000168 | AG14: 0.11339854 | AH14: -0.047639032
B15: 2025 | C15: 15 | D15: NE | E15: BUF | F15: 31 | G15: 35 | H15: 0.54182076 | I15: -118 | J15: 0.45817924 | K15: 118 | L15: NE | M15: BUF | N15: 0 | O15: 25.39383 | P15: 22.897335 | Q15: -1.5 | R15: 2.4964947 | S15: home | T15: -4 | U15: away | V15: 0 | W15: 50.5 | X15: 48.291165 | Y15: under | Z15: 66 | AA15: over | AB15: 0 | AC15: 0.2300455 | AD15: -0.27603377 | AE15: -0.13226565 | AF15: 0.27603377 | AG15: -0.2300455 | AH15: 0.13226565
B16: 2025 | C16: 15 | D16: NYG | E16: WAS | F16: 21 | G16: 29 | H16: 0.57741472 | I16: -136 | J16: 0.42258528 | K16: 136 | L16: NYG | M16: WAS | N16: 0 | O16: 23.975063 | P16: 22.258502 | Q16: 2.5 | R16: 1.7165602 | S16: away | T16: -8 | U16: away | V16: 1 | W16: 47.5 | X16: 46.233565 | Y16: under | Z16: 50 | AA16: over | AB16: 0 | AC16: 0.038744337 | AD16: 0.0064041615 | AE16: -0.51649937 | AF16: -0.0064041615 | AG16: -0.038744337 | AH16: 0.51649937
B17: 2025 | C17: 15 | D17: PHI | E17: LV | F17: 31 | G17: 0 | H17: 0.72040987 | I17: -257 | J17: 0.27959013 | K17: 257 | L17: PHI | M17: PHI | N17: 1 | O17: 22.774365 | P17: 16.306745 | Q17: 11.5 | R17: 6.4676199 | S17: away | T17: 31 | U17: home | V17: 0 | W17: 38.5 | X17: 39.081109 | Y17: over | Z17: 31 | AA17: under | AB17: 0 | AC17: 0.27447756 | AD17: 0.41019966 | AE17: -0.065953308 | AF17: -0.41019966 | AG17: -0.27447756 | AH17: 0.065953308
B18: 2025 | C18: 15 | D18: DEN | E18: GB | F18: 34 | G18: 26 | H18: 0.43988287 | I18: 127 | J18: 0.56011713 | K18: -127 | L18: GB | M18: DEN | N18: 0 | O18: 23.839146 | P18: 23.600464 | Q18: -2.5 | R18: 0.23868132 | S18: home | T18: 8 | U18: home | V18: 1 | W18: 42.5 | X18: 47.43961 | Y18: over | Z18: 60 | AA18: over | AB18: 1 | AC18: 0.18422171 | AD18: -0.045897549 | AE18: -0.02952188 | AF18: 0.045897549 | AG18: -0.18422171 | AH18: 0.02952188
B19: 2025 | C19: 15 | D19: LA | E19: DET | F19: 41 | G19: 34 | H19: 0.65340355 | I19: -188 | J19: 0.34659645 | K19: 188 | L19: LA | M19: LA | N19: 1 | O19: 25.514574 | P19: 21.292883 | Q19: 5.5 | R19: 4.2216906 | S19: away | T19: 7 | U19: home | V19: 0 | W19: 55.5 | X19: 46.807457 | Y19: under | Z19: 75 | AA19: over | AB19: 0 | AC19: 0.20446424 | AD19: -0.18640026 | AE19: 0.080822855 | AF19: 0.18640026 | AG19: -0.20446424 | AH19: -0.080822855
B20: 2025 | C20: 15 | D20: NO | E20: CAR | F20: 20 | G20: 17 | H20: 0.38670586 | I20: 158 | J20: 0.61329414 | K20: -158 | L20: CAR | M20: NO | N20: 0 | O20: 19.979863 | P20: 23.449354 | Q20: -2.5 | R20: -3.4694912 | S20: away | T20: 3 | U20: home | V20: 0 | W20: 40.5 | X20: 43.429216 | Y20: over | Z20: 37 | AA20: under | AB20: 0 | AC20: 0.12060856 | AD20: -0.092158878 | AE20: -0.026022315 | AF20: 0.092158878 | AG20: -0.12060856 | AH20: 0.026022315
... B24: 2025 | C24: 15 | D24: PIT | E24: MIA | F24: 28 | G24: 15 | H24: 0.48235151 | I24: 107 | J24: 0.51764849 | K24: -107 | L24: MIA | M24: PIT | N24: 0 | O24: 23.431136 | P24: 23.529503 | Q24: 3 | R24: -0.098367464 | S24: away | T24: 13 | U24: home | V24: 0 | W24: 42.5 | X24: 46.960639 | Y24: over | Z24: 43 | AA24: over | AB24: 1 | AC24: 0.20847796 | AD24: 0.0024986798 | AE24: -0.077380195 | AF24: -0.0024986798 | AG24: -0.20847796 | AH24: 0.077380195

Sheet Week 16
B2: Games | C2: =COUNTA($C$9:$C$24) -> 16
B3: Picks | C3: =SUM(N9:$N$24) -> 8 | D3: =C3/$C$2 -> 0.5
B4: ATS | C4: =SUM(V9:$V$24) -> 6 | D4: =C4/$C$2 -> 0.375
B5: Totals | C5: =SUM(AB9:$AB$24) -> 8 | D5: =C5/$C$2 -> 0.5
H7: Game Picks (Win Prob) | O7: Pred Score (Score Model) | Q7: Spread Picks (Score Model) | W7: Total Picks (Score Model) | AC7: home_epa | AF7: away_epa
B8: season | C8: week | D8: home_team | E8: away_team | F8: home_score | G8: away_score | H8: prob_home | I8: home_team_ml | J8: prob_away | K8: away_team_ml | L8: pred | M8: winner | N8: winner_correct? | O8: home | P8: away | Q8: spread_line | R8: pred_spread | S8: spread_pick | T8: result | U8: spread_result | V8: spread_correct? | W8: total_line | X8: pred_total | Y8: total_pick | Z8: total | AA8: total_result | AB8: total_correct? | AC8: EPA_O_Play | AD8: EPA_D_Play | AE8: EPA_ST_Play | AF8: EPA_O_Play | AG8: EPA_D_Play | AH8: EPA_ST_Play
B9: 2025 | C9: 16 | D9: SEA | E9: LA | F9: 38 | G9: 37 | H9: 0.45677058 | I9: 118 | J9: 0.54322942 | K9: -118 | L9: LA | M9: SEA | N9: 0 | O9: 24.427126 | P9: 24.708561 | Q9: 1.5 | R9: -0.28143484 | S9: away | T9: 1 | U9: away | V9: 1 | W9: 42.5 | X9: 49.135687 | Y9: over | Z9: 75 | AA9: over | AB9: 1 | AC9: -0.014298575 | AD9: -0.20208875 | AE9: 0.43977343 | AF9: 0.20208875 | AG9: 0.014298575 | AH9: -0.43977343
B10: 2025 | C10: 16 | D10: WAS | E10: PHI | F10: 18 | G10: 29 | H10: 0.38100376 | I10: 162 | J10: 0.61899624 | K10: -162 | L10: PHI | M10: PHI | N10: 1 | O10: 20.380519 | P10: 25.954625 | Q10: -6.5 | R10: -5.5741066 | S10: home | T10: -11 | U10: away | V10: 0 | W10: 44.5 | X10: 46.335144 | Y10: over | Z10: 47 | AA10: over | AB10: 1 | AC10: -0.090667981 | AD10: -0.34741071 | AE10: 0.39216568 | AF10: 0.34741071 | AG10: 0.090667981 | AH10: -0.39216568
B11: 2025 | C11: 16 | D11: CHI | E11: GB | F11: 22 | G11: 16 | H11: 0.46716786 | I11: 114 | J11: 0.53283214 | K11: -114 | L11: GB | M11: CHI | N11: 0 | O11: 24.273781 | P11: 23.759866 | Q11: 1.5 | R11: 0.51391502 | S11: away | T11: 6 | U11: home | V11: 0 | W11: 46.5 | X11: 48.033647 | Y11: over | Z11: 38 | AA11: under | AB11: 0 | AC11: 0.10891271 | AD11: -0.095630128 | AE11: 0.26111322 | AF11: 0.095630128 | AG11: -0.10891271 | AH11: -0.26111322
B12: 2025 | C12: 16 | D12: CAR | E12: TB | F12: 23 | G12: 20 | H12: 0.50862761 | I12: -103 | J12: 0.49137239 | K12: 103 | L12: CAR | M12: CAR | N12: 1 | O12: 23.518132 | P12: 24.24696 | Q12: -3 | R12: -0.72882745 | S12: home | T12: 3 | U12: home | V12: 1 | W12: 45.5 | X12: 47.765092 | Y12: over | Z12: 43 | AA12: under | AB12: 0 | AC12: 0.10059069 | AD12: -0.079181876 | AE12: 0.088326803 | AF12: 0.079181876 | AG12: -0.10059069 | AH12: -0.088326803
B13: 2025 | C13: 16 | D13: CLE | E13: BUF | F13: 20 | G13: 23 | H13: 0.1982852 | I13: 404 | J13: 0.8017148 | K13: -404 | L13: BUF | M13: BUF | N13: 1 | O13: 15.140715 | P13: 26.40336 | Q13: -10.5 | R13: -11.262645 | S13: away | T13: -3 | U13: home | V13: 0 | W13: 41.5 | X13: 41.544076 | Y13: over | Z13: 43 | AA13: over | AB13: 1 | AC13: -0.11955801 | AD13: -0.060782894 | AE13: 0.2104226 | AF13: 0.060782894 | AG13: 0.11955801 | AH13: -0.2104226
B14: 2025 | C14: 16 | D14: DAL | E14: LAC | F14: 17 | G14: 34 | H14: 0.52451466 | I14: -110 | J14: 0.47548534 | K14: 110 | L14: DAL | M14: LAC | N14: 0 | O14: 23.282829 | P14: 26.756906 | Q14: 2.5 | R14: -3.4740768 | S14: away | T14: -17 | U14: away | V14: 1 | W14: 49.5 | X14: 50.039735 | Y14: over | Z14: 51 | AA14: over | AB14: 1 | AC14: 0.012319072 | AD14: -0.41529864 | AE14: 0.0058993494 | AF14: 0.41529864 | AG14: -0.012319072 | AH14: -0.0058993494
B15: 2025 | C15: 16 | D15: MIA | E15: CIN | F15: 21 | G15: 45 | H15: 0.64262224 | I15: -179 | J15: 0.35737776 | K15: 179 | L15: MIA | M15: CIN | N15: 0 | O15: 25.272465 | P15: 21.999352 | Q15: -4.5 | R15: 3.2731132 | S15: home | T15: -24 | U15: away | V15: 0 | W15: 47.5 | X15: 47.271816 | Y15: under | Z15: 66 | AA15: over | AB15: 0 | AC15: -0.082405802 | AD15: -0.37215389 | AE15: -0.13656137 | AF15: 0.37215389 | AG15: 0.082405802 | AH15: 0.13656137
B16: 2025 | C16: 16 | D16: NO | E16: NYJ | F16: 29 | G16: 6 | H16: 0.5204959 | I16: -108 | J16: 0.4795041 | K16: 108 | L16: NO | M16: NO | N16: 1 | O16: 21.956531 | P16: 19.835973 | Q16: 4.5 | R16: 2.1205581 | S16: away | T16: 23 | U16: home | V16: 0 | W16: 40.5 | X16: 41.792504 | Y16: over | Z16: 35 | AA16: under | AB16: 0 | AC16: -0.019235984 | AD16: 0.40649648 | AE16: 0.04158398 | AF16: -0.40649648 | AG16: 0.019235984 | AH16: -0.04158398
B17: 2025 | C17: 16 | D17: NYG | E17: MIN | F17: 13 | G17: 16 | H17: 0.54385698 | I17: -119 | J17: 0.45614302 | K17: 119 | L17: NYG | M17: MIN | N17: 0 | O17: 21.605299 | P17: 20.340251 | Q17: -3 | R17: 1.2650483 | S17: home | T17: -3 | U17: away | V17: 0 | W17: 43.5 | X17: 41.945549 | Y17: under | Z17: 29 | AA17: under | AB17: 1 | AC17: -0.25251443 | AD17: 0.087123156 | AE17: 0.094729696 | AF17: -0.087123156 | AG17: 0.25251443 | AH17: -0.094729696
B18: 2025 | C18: 16 | D18: TEN | E18: KC | F18: 26 | G18: 9 | H18: 0.28893409 | I18: 246 | J18: 0.71106591 | K18: -246 | L18: KC | M18: TEN | N18: 0 | O18: 18.766063 | P18: 26.22119 | Q18: -3 | R18: -7.4551271 | S18: away | T18: 17 | U18: home | V18: 0 | W18: 37.5 | X18: 44.987253 | Y18: over | Z18: 35 | AA18: under | AB18: 0 | AC18: 0.027043349 | AD18: 0.26126194 | AE18: 0.075585239 | AF18: -0.26126194 | AG18: -0.027043349 | AH18: -0.075585239
B19: 2025 | C19: 16 | D19: ARI | E19: ATL | F19: 19 | G19: 26 | H19: 0.40541774 | I19: 146 | J19: 0.59458226 | K19: -146 | L19: ATL | M19: ATL | N19: 1 | O19: 18.697322 | P19: 22.638798 | Q19: -3 | R19: -3.941476 | S19: away | T19: -7 | U19: away | V19: 1 | W19: 48.5 | X19: 41.33612 | Y19: under | Z19: 45 | AA19: under | AB19: 1 | AC19: 0.02460376 | AD19: -0.064516106 | AE19: -0.2034483 | AF19: 0.064516106 | AG19: -0.02460376 | AH19: 0.2034483
B20: 2025 | C20: 16 | D20: DEN | E20: JAX | F20: 20 | G20: 34 | H20: 0.58669552 | I20: -141 | J20: 0.41330448 | K20: 141 | L20: DEN | M20: JAX | N20: 0 | O20: 24.63249 | P20: 21.467136 | Q20: 3 | R20: 3.1653535 | S20: home | T20: -14 | U20: away | V20: 0 | W20: 46.5 | X20: 46.099626 | Y20: under | Z20: 54 | AA20: over | AB20: 0 | AC20: -0.01741433 | AD20: -0.12773311 | AE20: -0.13060212 | AF20: 0.12773311 | AG20: 0.01741433 | AH20: 0.13060212
... B24: 2025 | C24: 16 | D24: IND | E24: SF | F24: 27 | G24: 48 | H24: 0.4870674 | I24: 105 | J24: 0.5129326 | K24: -105 | L24: SF | M24: SF | N24: 1 | O24: 23.744265 | P24: 24.199092 | Q24: -6.5 | R24: -0.45482688 | S24: home | T24: -21 | U24: away | V24: 0 | W24: 46.5 | X24: 47.943357 | Y24: over | Z24: 75 | AA24: over | AB24: 1 | AC24: -0.02243166 | AD24: -0.40269685 | AE24: -0.13118641 | AF24: 0.40269685 | AG24: 0.02243166 | AH24: 0.13118641

Sheet Week 17
B2: Games | C2: =COUNTA($C$9:$C$24) -> 16
B3: Picks | C3: =SUM(N9:$N$24) -> 10 | D3: =C3/$C$2 -> 0.625
B4: ATS | C4: =SUM(V9:$V$24) -> 10 | D4: =C4/$C$2 -> 0.625
B5: Totals | C5: =SUM(AB9:$AB$24) -> 7 | D5: =C5/$C$2 -> 0.4375
H7: Game Picks (Win Prob) | O7: Pred Score (Score Model) | Q7: Spread Picks (Score Model) | W7: Total Picks (Score Model) | AC7: home_epa | AF7: away_epa
B8: season | C8: week | D8: home_team | E8: away_team | F8: home_score | G8: away_score | H8: prob_home | I8: home_team_ml | J8: prob_away | K8: away_team_ml | L8: pred | M8: winner | N8: winner_correct? | O8: home | P8: away | Q8: spread_line | R8: pred_spread | S8: spread_pick | T8: result | U8: spread_result | V8: spread_correct? | W8: total_line | X8: pred_total | Y8: total_pick | Z8: total | AA8: total_result | AB8: total_correct? | AC8: EPA_O_Play | AD8: EPA_D_Play | AE8: EPA_ST_Play | AF8: EPA_O_Play | AG8: EPA_D_Play | AH8: EPA_ST_Play
B9: 2025 | C9: 17 | D9: WAS | E9: DAL | F9: 23 | G9: 30 | H9: 0.41282143 | I9: 142 | J9: 0.58717857 | K9: -142 | L9: DAL | M9: DAL | N9: 1 | O9: 21.332066 | P9: 24.126749 | Q9: -8.5 | R9: -2.7946831 | S9: home | T9: -7 | U9: home | V9: 1 | W9: 50.5 | X9: 45.458815 | Y9: under | Z9: 53 | AA9: over | AB9: 0 | AC9: 0.23194034 | AD9: -0.22120343 | AE9: 0.099053646 | AF9: 0.22120343 | AG9: -0.23194034 | AH9: -0.099053646
B10: 2025 | C10: 17 | D10: MIN | E10: DET | F10: 23 | G10: 10 | H10: 0.42549774 | I10: 135 | J10: 0.57450226 | K10: -135 | L10: DET | M10: MIN | N10: 0 | O10: 20.706238 | P10: 24.307338 | Q10: -7.5 | R10: -3.6011001 | S10: home | T10: 13 | U10: home | V10: 1 | W10: 43.5 | X10: 45.013577 | Y10: over | Z10: 33 | AA10: under | AB10: 0 | AC10: -0.25252072 | AD10: 0.46371797 | AE10: -0.025729134 | AF10: -0.46371797 | AG10: 0.25252072 | AH10: 0.025729134
B11: 2025 | C11: 17 | D11: KC | E11: DEN | F11: 13 | G11: 20 | H11: 0.43793113 | I11: 128 | J11: 0.56206887 | K11: -128 | L11: DEN | M11: DEN | N11: 1 | O11: 22.356828 | P11: 23.84626 | Q11: -13.5 | R11: -1.4894318 | S11: home | T11: -7 | U11: home | V11: 1 | W11: 36.5 | X11: 46.203089 | Y11: over | Z11: 33 | AA11: under | AB11: 0 | AC11: -0.15266825 | AD11: -0.084641396 | AE11: 0.28701659 | AF11: 0.084641396 | AG11: 0.15266825 | AH11: -0.28701659
B12: 2025 | C12: 17 | D12: LAC | E12: HOU | F12: 16 | G12: 20 | H12: 0.53751412 | I12: -116 | J12: 0.46248588 | K12: 116 | L12: LAC | M12: HOU | N12: 0 | O12: 22.239052 | P12: 22.121618 | Q12: 1.5 | R12: 0.1174334 | S12: away | T12: -4 | U12: away | V12: 1 | W12: 39.5 | X12: 44.36067 | Y12: over | Z12: 36 | AA12: under | AB12: 0 | AC12: -0.14214937 | AD12: 0.07964691 | AE12: -0.21228646 | AF12: -0.07964691 | AG12: 0.14214937 | AH12: 0.21228646
B13: 2025 | C13: 17 | D13: GB | E13: BAL | F13: 24 | G13: 41 | H13: 0.63540445 | I13: -174 | J13: 0.36459555 | K13: 174 | L13: GB | M13: BAL | N13: 0 | O13: 25.375385 | P13: 25.268117 | Q13: 3 | R13: 0.10726827 | S13: away | T13: -17 | U13: away | V13: 1 | W13: 40.5 | X13: 50.643502 | Y13: over | Z13: 65 | AA13: over | AB13: 1 | AC13: 0.11740546 | AD13: -0.33768916 | AE13: -0.0040311718 | AF13: 0.33768916 | AG13: -0.11740546 | AH13: 0.0040311718
B14: 2025 | C14: 17 | D14: CAR | E14: SEA | F14: 10 | G14: 27 | H14: 0.35131865 | I14: 184 | J14: 0.64868135 | K14: -184 | L14: SEA | M14: SEA | N14: 1 | O14: 18.59823 | P14: 28.406191 | Q14: -7 | R14: -9.8079607 | S14: away | T14: -17 | U14: away | V14: 1 | W14: 42.5 | X14: 47.004422 | Y14: over | Z14: 37 | AA14: under | AB14: 0 | AC14: -0.47411228 | AD14: 0.053588904 | AE14: -0.092909699 | AF14: -0.053588904 | AG14: 0.47411228 | AH14: 0.092909699
B15: 2025 | C15: 17 | D15: CIN | E15: ARI | F15: 37 | G15: 14 | H15: 0.61258942 | I15: -158 | J15: 0.38741058 | K15: 158 | L15: CIN | M15: CIN | N15: 1 | O15: 26.14855 | P15: 24.947564 | Q15: 7.5 | R15: 1.2009857 | S15: away | T15: 23 | U15: home | V15: 0 | W15: 52.5 | X15: 51.096114 | Y15: under | Z15: 51 | AA15: under | AB15: 1 | AC15: 0.3303265 | AD15: 0.022704844 | AE15: -0.051734851 | AF15: -0.022704844 | AG15: -0.3303265 | AH15: 0.051734851
B16: 2025 | C16: 17 | D16: CLE | E16: PIT | F16: 13 | G16: 6 | H16: 0.3062611 | I16: 226 | J16: 0.6937389 | K16: -226 | L16: PIT | M16: CLE | N16: 0 | O16: 19.072095 | P16: 22.810967 | Q16: -3 | R16: -3.7388716 | S16: away | T16: 7 | U16: home | V16: 0 | W16: 33.5 | X16: 41.883061 | Y16: over | Z16: 19 | AA16: under | AB16: 0 | AC16: -0.20642806 | AD16: 0.21981137 | AE16: 0.23588853 | AF16: -0.21981137 | AG16: 0.20642806 | AH16: -0.23588853
B17: 2025 | C17: 17 | D17: IND | E17: JAX | F17: 17 | G17: 23 | H17: 0.41131428 | I17: 143 | J17: 0.58868572 | K17: -143 | L17: JAX | M17: JAX | N17: 1 | O17: 20.869519 | P17: 24.152507 | Q17: -6.5 | R17: -3.2829884 | S17: home | T17: -6 | U17: home | V17: 1 | W17: 48.5 | X17: 45.022026 | Y17: under | Z17: 40 | AA17: under | AB17: 1 | AC17: -0.17091699 | AD17: 0.004029807 | AE17: 0.010396183 | AF17: -0.004029807 | AG17: 0.17091699 | AH17: -0.010396183
B18: 2025 | C18: 17 | D18: MIA | E18: TB | F18: 20 | G18: 17 | H18: 0.54252769 | I18: -118 | J18: 0.45747231 | K18: 118 | L18: MIA | M18: MIA | N18: 1 | O18: 25.357523 | P18: 24.216389 | Q18: -5.5 | R18: 1.1411343 | S18: home | T18: 3 | U18: home | V18: 1 | W18: 45.5 | X18: 49.573912 | Y18: over | Z18: 37 | AA18: under | AB18: 0 | AC18: 0.060104476 | AD18: -0.037184527 | AE18: 0.2025422 | AF18: 0.037184527 | AG18: -0.060104476 | AH18: -0.2025422
B19: 2025 | C19: 17 | D19: NYJ | E19: NE | F19: 10 | G19: 42 | H19: 0.23397645 | I19: 327 | J19: 0.76602355 | K19: -327 | L19: NE | M19: NE | N19: 1 | O19: 18.155458 | P19: 27.461401 | Q19: -13.5 | R19: -9.3059432 | S19: home | T19: -32 | U19: away | V19: 0 | W19: 42.5 | X19: 45.616859 | Y19: over | Z19: 52 | AA19: over | AB19: 1 | AC19: -0.17908743 | AD19: -0.50469184 | AE19: 0.27865218 | AF19: 0.50469184 | AG19: 0.17908743 | AH19: -0.27865218
B20: 2025 | C20: 17 | D20: TEN | E20: NO | F20: 26 | G20: 34 | H20: 0.44607944 | I20: 124 | J20: 0.55392056 | K20: -124 | L20: NO | M20: NO | N20: 1 | O20: 22.906845 | P20: 21.829916 | Q20: -2.5 | R20: 1.0769288 | S20: home | T20: -8 | U20: away | V20: 0 | W20: 39.5 | X20: 44.736761 | Y20: over | Z20: 60 | AA20: over | AB20: 1 | AC20: -0.13270122 | AD20: -0.19913909 | AE20: 0.24694042 | AF20: 0.19913909 | AG20: 0.13270122 | AH20: -0.24694042
... B24: 2025 | C24: 17 | D24: ATL | E24: LA | F24: 27 | G24: 24 | H24: 0.29752007 | I24: 236 | J24: 0.70247993 | K24: -236 | L24: LA | M24: ATL | N24: 0 | O24: 21.724285 | P24: 30.27894 | Q24: -7.5 | R24: -8.554655 | S24: away | T24: 3 | U24: home | V24: 0 | W24: 49.5 | X24: 52.003224 | Y24: over | Z24: 51 | AA24: over | AB24: 1 | AC24: 0.11564382 | AD24: 0.10163594 | AE24: -0.30749161 | AF24: -0.10163594 | AG24: -0.11564382 | AH24: 0.30749161

Sheet Week 18
B2: Games | C2: =COUNTA($C$9:$C$24) -> 16
B3: Picks | C3: =SUM(N9:$N$24) -> 7 | D3: =C3/$C$2 -> 0.4375
B4: ATS | C4: =SUM(V9:$V$24) -> 9 | D4: =C4/$C$2 -> 0.5625
B5: Totals | C5: =SUM(AB9:$AB$24) -> 9 | D5: =C5/$C$2 -> 0.5625
H7: Game Picks (Win Prob) | O7: Pred Score (Score Model) | Q7: Spread Picks (Score Model) | W7: Total Picks (Score Model) | AC7: home_epa | AF7: away_epa
B8: season | C8: week | D8: home_team | E8: away_team | F8: home_score | G8: away_score | H8: prob_home | I8: home_team_ml | J8: prob_away | K8: away_team_ml | L8: pred | M8: winner | N8: winner_correct? | O8: home | P8: away | Q8: spread_line | R8: pred_spread | S8: spread_pick | T8: result | U8: spread_result | V8: spread_correct? | W8: total_line | X8: pred_total | Y8: total_pick | Z8: total | AA8: total_result | AB8: total_correct? | AC8: EPA_O_Play | AD8: EPA_D_Play | AE8: EPA_ST_Play | AF8: EPA_O_Play | AG8: EPA_D_Play | AH8: EPA_ST_Play
B9: 2025 | C9: 18 | D9: TB | E9: CAR | F9: 16 | G9: 14 | H9: 0.55034777 | I9: -122 | J9: 0.44965223 | K9: 122 | L9: TB | M9: TB | N9: 1 | O9: 24.274662 | P9: 22.010584 | Q9: 2.5 | R9: 2.2640785 | S9: away | T9: 2 | U9: away | V9: 1 | W9: 43.5 | X9: 46.285246 | Y9: over | Z9: 30 | AA9: under | AB9: 0 | AC9: 0.018300322 | AD9: 0.035524383 | AE9: -0.035771714 | AF9: -0.035524383 | AG9: -0.018300322 | AH9: 0.035771714
B10: 2025 | C10: 18 | D10: SF | E10: SEA | F10: 3 | G10: 13 | H10: 0.57962029 | I10: -137 | J10: 0.42037971 | K10: 137 | L10: SF | M10: SEA | N10: 0 | O10: 24.004093 | P10: 24.847638 | Q10: -1.5 | R10: -0.84354425 | S10: home | T10: -10 | U10: away | V10: 0 | W10: 47.5 | X10: 48.851731 | Y10: over | Z10: 16 | AA10: under | AB10: 0 | AC10: -0.35899069 | AD10: -0.10921088 | AE10: 0.30073721 | AF10: 0.10921088 | AG10: 0.35899069 | AH10: -0.30073721
B11: 2025 | C11: 18 | D11: ATL | E11: NO | F11: 19 | G11: 17 | H11: 0.49416493 | I11: 102 | J11: 0.50583507 | K11: -102 | L11: NO | M11: ATL | N11: 0 | O11: 22.695153 | P11: 22.147711 | Q11: 3 | R11: 0.54744167 | S11: away | T11: 2 | U11: away | V11: 1 | W11: 45.5 | X11: 44.842864 | Y11: under | Z11: 36 | AA11: under | AB11: 1 | AC11: -0.24327203 | AD11: 0.10582343 | AE11: 0.43750581 | AF11: -0.10582343 | AG11: 0.24327203 | AH11: -0.43750581
B12: 2025 | C12: 18 | D12: CIN | E12: CLE | F12: 18 | G12: 20 | H12: 0.66728648 | I12: -200 | J12: 0.33271352 | K12: 200 | L12: CIN | M12: CLE | N12: 0 | O12: 27.358434 | P12: 21.240233 | Q12: 7.5 | R12: 6.1182004 | S12: away | T12: -2 | U12: away | V12: 1 | W12: 44.5 | X12: 48.598667 | Y12: over | Z12: 38 | AA12: under | AB12: 0 | AC12: -0.088743957 | AD12: 0.12539845 | AE12: -0.067371855 | AF12: -0.12539845 | AG12: 0.088743957 | AH12: 0.067371855
B13: 2025 | C13: 18 | D13: HOU | E13: IND | F13: 38 | G13: 30 | H13: 0.66446874 | I13: -198 | J13: 0.33553126 | K13: 198 | L13: HOU | M13: HOU | N13: 1 | O13: 25.67534 | P13: 17.458343 | Q13: 10.5 | R13: 8.2169969 | S13: away | T13: 8 | U13: away | V13: 1 | W13: 38.5 | X13: 43.133683 | Y13: over | Z13: 68 | AA13: over | AB13: 1 | AC13: 0.0056797724 | AD13: 0.032016913 | AE13: 0.14921865 | AF13: -0.032016913 | AG13: -0.0056797724 | AH13: -0.14921865
B14: 2025 | C14: 18 | D14: JAX | E14: TEN | F14: 41 | G14: 7 | H14: 0.7993637 | I14: -398 | J14: 0.2006363 | K14: 398 | L14: JAX | M14: JAX | N14: 1 | O14: 28.924243 | P14: 16.860558 | Q14: 12.5 | R14: 12.063685 | S14: away | T14: 34 | U14: home | V14: 0 | W14: 47.5 | X14: 45.784801 | Y14: under | Z14: 48 | AA14: over | AB14: 0 | AC14: 0.25045689 | AD14: 0.36189835 | AE14: 0.15228545 | AF14: -0.36189835 | AG14: -0.25045689 | AH14: -0.15228545
B15: 2025 | C15: 18 | D15: MIN | E15: GB | F15: 16 | G15: 3 | H15: 0.45750747 | I15: 118 | J15: 0.54249253 | K15: -118 | L15: GB | M15: MIN | N15: 0 | O15: 21.882871 | P15: 22.574201 | Q15: 7.5 | R15: -0.69132936 | S15: away | T15: 13 | U15: home | V15: 0 | W15: 35.5 | X15: 44.457072 | Y15: over | Z15: 19 | AA15: under | AB15: 0 | AC15: 0.01475566 | AD15: 0.31598213 | AE15: -0.081225872 | AF15: -0.31598213 | AG15: -0.01475566 | AH15: 0.081225872
B16: 2025 | C16: 18 | D16: NYG | E16: DAL | F16: 34 | G16: 17 | H16: 0.46268494 | I16: 116 | J16: 0.53731506 | K16: -116 | L16: DAL | M16: NYG | N16: 0 | O16: 22.235218 | P16: 24.724895 | Q16: -3.5 | R16: -2.4896771 | S16: home | T16: 17 | U16: home | V16: 1 | W16: 51.5 | X16: 46.960113 | Y16: under | Z16: 51 | AA16: under | AB16: 1 | AC16: 0.11540695 | AD16: 0.089342214 | AE16: 0.21678715 | AF16: -0.089342214 | AG16: -0.11540695 | AH16: -0.21678715
B17: 2025 | C17: 18 | D17: BUF | E17: NYJ | F17: 35 | G17: 8 | H17: 0.83051335 | I17: -490 | J17: 0.16948665 | K17: 490 | L17: BUF | M17: BUF | N17: 1 | O17: 28.3964 | P17: 15.8844 | Q17: 7 | R17: 12.512 | S17: home | T17: 27 | U17: home | V17: 1 | W17: 38.5 | X17: 44.2808 | Y17: over | Z17: 43 | AA17: over | AB17: 1 | AC17: 0.33919749 | AD17: 0.28426038 | AE17: -0.21227048 | AF17: -0.28426038 | AG17: -0.33919749 | AH17: 0.21227048
B18: 2025 | C18: 18 | D18: CHI | E18: DET | F18: 16 | G18: 19 | H18: 0.60651138 | I18: -154 | J18: 0.39348862 | K18: 154 | L18: CHI | M18: DET | N18: 0 | O18: 26.088516 | P18: 24.247517 | Q18: 3 | R18: 1.8409992 | S18: away | T18: -3 | U18: away | V18: 1 | W18: 50.5 | X18: 50.336033 | Y18: under | Z18: 35 | AA18: under | AB18: 1 | AC18: -0.0043949066 | AD18: -0.12645234 | AE18: 0.13135414 | AF18: 0.12645234 | AG18: 0.0043949066 | AH18: -0.13135414
B19: 2025 | C19: 18 | D19: DEN | E19: LAC | F19: 19 | G19: 3 | H19: 0.53324336 | I19: -114 | J19: 0.46675664 | K19: 114 | L19: DEN | M19: DEN | N19: 1 | O19: 23.164765 | P19: 21.727383 | Q19: 12.5 | R19: 1.4373824 | S19: away | T19: 16 | U19: home | V19: 0 | W19: 37.5 | X19: 44.892148 | Y19: over | Z19: 22 | AA19: under | AB19: 0 | AC19: -0.19392741 | AD19: 0.42070013 | AE19: -0.019524689 | AF19: -0.42070013 | AG19: 0.19392741 | AH19: 0.019524689
B20: 2025 | C20: 18 | D20: LA | E20: ARI | F20: 37 | G20: 20 | H20: 0.81384823 | I20: -437 | J20: 0.18615177 | K20: 437 | L20: LA | M20: LA | N20: 1 | O20: 30.905485 | P20: 18.615325 | Q20: 7.5 | R20: 12.290161 | S20: home | T20: 17 | U20: home | V20: 1 | W20: 46.5 | X20: 49.52081 | Y20: over | Z20: 57 | AA20: over | AB20: 1 | AC20: 0.22024075 | AD20: 0.02664697 | AE20: -0.017873119 | AF20: -0.02664697 | AG20: -0.22024075 | AH20: 0.017873119
... B24: 2025 | C24: 18 | D24: PIT | E24: BAL | F24: 26 | G24: 24 | H24: 0.49279668 | I24: 102 | J24: 0.50720332 | K24: -102 | L24: BAL | M24: PIT | N24: 0 | O24: 23.145401 | P24: 22.175802 | Q24: -3.5 | R24: 0.96959899 | S24: home | T24: 2 | U24: home | V24: 1 | W24: 40.5 | X24: 45.321202 | Y24: over | Z24: 50 | AA24: over | AB24: 1 | AC24: 0.051401243 | AD24: -0.14020942 | AE24: 0.16552998 | AF24: 0.14020942 | AG24: -0.051401243 | AH24: -0.16552998
